oare_id,transliteration,translation
"CCT 3, 5a",um-ma A-šur-i-dí-ma a-na A-šur-na-da qí-bi-ma 10 ma-na KÙ.BABBAR tù-šé-bi-lam,From Aššur-idī to Aššur-nāda: You have sent me 10 minas of silver.
"CCT 3, 5a",ŠÀ.BA 2 GÚ 10 ma-na ku-nu-ku 16 0.5 GÍN.TA KÙ.BABBAR.BI-šu 7 0.83333 ma-na 2 0.66666 GÍN,Specification: 2 talents 10 minas under seal at the rate 16 0.5 to 1 — in silver: 7 0.83333 minas 2 0.66666 shekels.
"CCT 3, 5a",4 TÚG šu-ru-tum 5 TÚG ku-ta-nu 0.5 ma-na KÙ.BABBAR it-bu-lu,4 black textiles and 5 kutānu-textiles cost 0.5 mina of silver.
"CCT 3, 5a",7 GÍN i-na ma-ša-rì-im,It diminished 7 shekels during the washing.
"CCT 3, 5a",im-tí 17 GÍN KÙ.BABBAR ší-im 1 ANŠE,17 shekels of silver: the price of one donkey.
"CCT 3, 5a",5 GÍN ú-nu-sú,5 shekels: its harness.
"CCT 3, 5a",0.33333 ma-na KÙ.BABBAR ší-im 2 TÚG šu-ru-en ša A-šur-ta-ak-lá-ku e-BA.ZI-ku-ni,0.33333 mina of silver: the price of 2 black textiles that Aššur-taklāku left with you.
"CCT 3, 5a",um-ma a-ta-ma i-na 1 0.33333 ma-na KÙ.BABBAR ša En-na-Be-lúm na-aš-ú-ni: lé-qé,You said : Take that out of the 1 0.33333 mina of silver that Ennam-Bēlum is bringing.
"CCT 3, 5a",KÙ.BABBAR ú-la al-qé i-na KÙ.BABBAR a-nim al-qé,"I did not take the silver then, so I have taken it out of this silver."
"CCT 3, 5a",12 ma-na 5 GÍN AN.NA-ak qá-tim 15 GÍN.TA 0.66666 ma-na 8 0.33333 GÍN KÙ.BABBAR.BI-šu,12 minas 5 shekels of tin for expenses at the rate 15 to 1 — in silver: 0.66666 mina 8 0.33333 shekels of silver.
"CCT 3, 5a",mi-ma a-nim A-šur-ta-ak-lá-ku i-ra-di-a-kum,Aššur-taklāku brings all this to you.
"CCT 3, 5a",gám-ra-kum,has been spent for you.
"CCT 4, 1a",um-ma A-šùr-i-dí-ma a-na A-šùr-na-da qí-bi4-ma ki-ma šé-ep dIM ra-pí-dim É-tí: ra-hi-iš ù a-ta ta-tá-lá-ak a-pu-tum,From Aššur-idī to Aššur-nāda: As if by the foot of divine Adad in full rush my house is devastated! But as for you— you have gone away!
"CCT 4, 1a",a-pu-tum a-wa-at: i-lí,"Please, please heed the words of the gods!"
"CCT 4, 1a",ú-šú-ur a-na ni-ki-iš-tim ša DINGIR: i-ši-ra-ku-ni,Do not renounce the decision that the god has drawn up for you.
"CCT 4, 1a",lá ta-tù-ar ta-tù-ar-ma ta-ha-li-iq AN.NA ša i-na tup-pi-im lá-pu-ta- ku-ni i-na ni-kà-ši le-eš-ku-nu,"If you renounce it, you will perish! The tin for which I was booked in the tablet, let them claim that at the accounting."
"CCT 4, 1a",ù a-ta 6 ma-na 8 GÍN AN.NA ni-a-am i-na ni-kà-ši šu-ku-un,Then you too may claim 6 minas 8 shekels of tin belonging to us at the accounting.
"CCT 4, 1a",2 ma-na 13 0.33333 GÍN KÙ.BABBAR,Zuzu owes me 2 minas 13 0.33333 shekels of silver.
"CCT 4, 1a",Zu-zu ha-bu-la-am 1 ma-na KÙ.BABBAR iš-tí dUTU-ba-ni DUMU Puzur4-Ištar,1 mina of silver is owed by Šamaš-bāni son of Puzur-Ištar.
"CCT 4, 1a",0.5 ma-na 5 GÍN KUG iš-tí dEN.LÍL-ba-ni,0.5 mina 5 shekels of silver is owed by Illil-bāni.
"CCT 4, 1a",1 ma-na KÙ.BABBAR ša ih-bu-lá-ku-ni 0.5 ma-na ša A-šùr-dUTU-ši ub-lá-ku-ni AN.NA-ak-šu 8 ma-na ù 6 ma-na AN.NA ša a-na ILLAT ta-ša-ku-nu le-qé-ma ŠUNIGIN 14 ma-na 8 GÍN AN.NA a-na šé-er KÙ.BABBAR i-dí-ma i-na a-li-ki-im ku-nu-uk-ma i-na e-ra-bi4-ka-ma ki-ma,"The 1 mina of silver which he borrowed from you, the 0.5 mina which Aššur-šamši has brought to you—in tin it was 8 minas—plus the 6 minas of tin that you will claim for the enterprise— take that, and then add in all 14 minas 8 shekels of tin to the silver, seal it for the transportation, and send it to me as a greeting as soon as you arrive."
"CCT 4, 1a",šu-ul-mi-kà šé-bi4-lá-am šu-ma a-hi a-ta li-bi4,"If you are truly my brother, do not make me angry."
"CCT 4, 1a",lá tù-lá-ma-an šu-ma dUTU-ba-ni lá-šu 1 ma-na KUG me-eh-ra-tim i-dí-ma šé-bi4-lá-am,"If Šamaš-bāni is absent, then make available a corresponding amount of 1 mina of silver and send it to me."
"CCT 4, 1a",a-pu-tum qa-ti a-na ni-kà-ši i-ta-di,"Please, let my share be deposited at the time of the accounting."
"CCT 4, 1b",um-ma A-šur-i-dí-ma a-na I-lí-SUKKAL ù A-šur-ta-ak-lá-ku qí-bi4-ma a-na I-lí-ŠU.GAN qí-bi4-ma ma-aš-ki ša pá-tim a-dí-na-kum,From Aššur-idī to Ili-sukkal and Aššur-taklāku: to Ili-sukkal: I gave you some woollen fleeces.
"CCT 4, 1b",um-ma a-ta-ma a-na ru-ba-im a-qí-aš,You said: I shall give them as a gift to the king.
"CCT 4, 1b",ù 2 ma-na hu-ša-e uṣ-ba-ku-um um-ma a-ta-ma pá-šu-ra-am SIG5 ša 10 GÍN KÙ.BABBAR a-da-na-ku-um,I furthermore added for you 2 minas of scrap metal. You said: I shall give you good quality retail goods worth 10 shekels of silver in return.
"CCT 4, 1b",šu-ma a-hi a-ta pá-šu-ra-am SIG5 a-na A-šur-ta-ak-lá-ku,"My dear brother, give the good quality retail goods to Aššur-taklāku."
"CCT 4, 1b",di-in a-na A-šur-ta- ak-lá-ku qí-bi4-ma 3 ma-na 12 GÍN AN.NA a-na ILLAT šu-ku-un,To Aššur-taklāku: Deliver 3 minas 12 shekels of tin to the enterprise.
"CCT 4, 1b",ší-im URUDU ša a-na A-mu-re-e áš-qí-lu i-na tup-pi-im iš-tí tap-pá-e-a lá-pí-it,"The price of the copper, which I paid to the Amorites, has been booked in the tablet together with my partners."
"CCT 4, 1b",I-lí-ŠU.GAN DUMU Na-ni ša-ba-at-ma pá-šu-ra-am pá-ni-a-ma ša-di-in,Seize Ili-sukkal son of Nanni and make him hand over the good quality retail goods at once.
"CCT 5, 6a",kà-ra-am: mu-ùh-ra-ma iš-tí kà-ri-im e-na-na-tim er-ša-nim-ma a-na KÙ.BABBAR 1 ma-na-um 3 GÍN la-dí a,"Appeal to the colony authorities and ask for clemency for me from the the colony, so that for the silver I may deposit 3 shekels per mina."
"CCT 5, 6a",šu-ma la i-ma-gu5-ru-ku-nu sà-li-a-ma ra-mi-šál a-we-el la-zi-iz,"If they do not agree with you, then implore them that I may stand only for half a share of a man."
"CCT 5, 6a",a-tù-nu la ti-de8-a-a a-i-a-tum ma-aš-kà-na-tù-a,Are you not aware which are my deposits?
"CCT 5, 6a",e-la ma-la ma-aš-kà-tám la-aš-ku-nam,Should I make another deposit on top of that?
"CCT 5, 6a",37 ma-na ni-kà-sí áš-qúl gi-mì-lam i-šé-ri-a šu-ku-na,I have paid 37 minas on the account! Do me this favour.
"CCT 5, 6a",ih-da-ma a-na mì-šál a-we-el la-zi-iz a-ni- tum la a-ni-tum tí-ir-ta-ak- nu i-pá-ni-e-ma,Take care to have me stand only for half a share of a man. Send me word whether this is so or not as soon as possible.
"CCT 5, 6a",li-li-kam iš-tí KÙ.BABBAR-pí-a 4 0.5-ma-na ša Ku-ru-ub-Ištar ba-áb-tám e-zi-ba-ku-nu-tí-ni,Together with my other silver I left 4 0.5 minas belonging to Kurub-Ištar as an outstanding claim with you.
"CCT 5, 6a",ša-áš-qí-la-ma šé-bi-la-nim,Have it paid and send it to me.
Cole 8,um-ma A-šur-i-dí-ma a-na A-šur-na-da qí-bi4-ma 2 ma-na LÁ 0.5 GÍN KÙ.BABBAR Ištar-pí-lá-ah,From Aššur-idī to Aššur-nāda: You sent me 2 minas less 0.5 shekel of silver with Ištar-pilah.
Cole 8,tù-šé-bi4-lam 1 ma-na 0.5 GÍN i-na ša Šu-Ištar al-qé,I took 1 mina 0.5 shekel out of what belongs to Šu-Ištar.
Cole 8,ŠUNIGIN 3 ma-na KÙ.BABBAR ŠÀ.BA 7 0.5 GÍN ni-is-ha-tim áš-qúl iš-tù ša-du-ú-tum ga-am-ra-at-ni 1 GÍN KÙ.BABBAR a-pu-ul,"In all: 3 minas of silver. Thereof I paid 7 0.5 shekels as import duty; since the transport tariff had been spent, I paid the balance of 1 shekel of silver."
Cole 8,ší-tí KÙ.BABBAR-pì-kà 2 0.83333 ma-na 1 0.5 GÍN,The rest of your silver amounts to 2 0.83333 minas 1 0.5 shekel.
Cole 8,8 GÍN KÙ.BABBAR iš-tí DUMU A-bu-SILIM ù tap-pá-i-šu,I borrowed 8 shekels of silver from the son of Abu-šalim and his partner.
Cole 8,al-qé 2 0.66666 ma-na 1 0.25 GÍN KÙ.BABBAR ší-im TÚG.HI.A ša še-ep En-nam-Be-lim i-na,"I still had a claim against you of 2 0.66666 minas 1 0.25 shekels of silver, the proceeds from the sale of the textiles transported by Ennam-Bēlum."
Cole 8,li-bi4-kà a-ší-tám,You said: The silver has been taken.
Cole 8,um-ma a-ta-ma KÙ.BABBAR lá-qé am-ší-ma lá ak-nu-kà-šu KÙ.BABBAR i-qá-tí-a lá-šu-ma,"But I forgot to seal it, and since I have no silver available to me I have taken it."
Cole 8,al-qé 16 GÍN 15 ŠE KÙ.BABBAR i-lu-qú-tim ša še-ep DUMU Ir-nu-id,I also still had a claim of 16 shekels 15 grains of silver from the goods transported by the son of Irnuid.
Cole 8,a-ší-tám ŠUNIGIN 2 0.83333 ma-na 7 0.33333 GÍN ša-he-er-ma ší-tí KÙ.BABBAR-pì-kà 2 0.16666 GÍN gám-ra-kum,"In all: 2 0.83333 minas 7 0.33333 shekels have been deducted, so the rest of your silver is 2 0.16666 shekels. It has been spent for you."
KUG 27,um-ma A-šur-i-dí-ma a-na a-na A-šur-na-da qí-bi4-ma 3 0.66666 ma-na KÙ.BABBAR ti-zi-ba-am 1 ma-na 0.5 GÍN KÙ.BABBAR ša Šu-Ištar 2 ma-na LÁ 0.5 GÍN KÙ.BABBAR Ištar-pí-lá-ah tù-šé-bi4-lam 1 0.33333 ma-na KÙ.BABBAR ṣa-ru-pá-am Dan-A-šur ub-lam ŠUNIGIN 8 ma-na,From Aššur-idī to Aššur-nāda: You left me 3 0.66666 minas of silver; 1 mina 0.5 shekel of silver belongs to Šu-Ištar; 2 minas less 0.5 shekel of silver you sent to me with Ištar-pilah; Dān-Aššur brought me 1 0.33333 mina of refined silver— in all: 8 minas.
KUG 27,ŠÀ.BA lu-qú-ut 2 ma-na 16 0.66666 GÍN LÁ 7 0.5 ŠE A-šur-na-da DUMU Ir-nu-id ú-šé-ši-a-kum 2 0.25 GÍN ig-ri sá-ri-dim a-ha-ma a-dí-šu-um,"Thereof I sent off to you goods worth 2 minas 16 0.66666 shekels less 7 0.5 grains with Aššur-nāda son of Irnuid; I further gave him 2 0.25 shekels, the wages of a donkey-driver."
KUG 27,16 0.5 GÍN KÙ.BABBAR a-na Šu-Sú-en 4 0.5 GÍN a-na Ás-qú-di-a a-dí-šu-nu-ti ra-ku-sú,16 0.5 shekels of silver to Šu-Suen and 4 0.5 shekels to Asqudia— I gave to them; they are bound by contract.
KUG 27,šu-ma i-na li-bi4-kà lá i-šu-ú 16 GÍN.TA AN.NA i-na-pu-lu-ni- kum,"If they have no claims on you, they must repay you in tin at the rate 16:1."
KUG 27,ù iš-tí A-šur-SIPA ma-lá ta-ší-ta-ni 16 GÍN AN.NA,Also Aššur-rēʾi has been bound by contract 16:1 in tin for your remaining claim on him.
KUG 27,ra-ku-us sa-ba-sú-ma ša-áṣ- qí-il-šu,Seize him to have him pay.
KUG 27,iš-tù ší-im URUDU ù 1 GÍN 15 ŠE KÙ.BABBAR ša i-na li-bi-šu tí-šu-ú ša-qí-lu 0.33333 m a 3 GÍN 22 0.5 ŠE KÙ.BABBAR,"After the price of the copper and 1 shekel 15 grains of silver, which he owed to you, had been paid, I paid as balance to Aššur-rēʾi 23 shekels 22 0.5 grains of silver."
KUG 27,a-na A-šur-SI<PA> a-pu-ull,"0.33333 mina of silver, the price of a donkey, I paid to Uṣur-ša-Aššur."
KUG 27,0.33333 ma-na KÙ.BABBAR ší-im ANŠE a-na Ú-ṣú-ur-ša-A-šur áš-qúl 5 ma-na hu-ša-e i-ša-am-ši tù-uṣ-ṣú ta-al-qé KÙ.BABBAR-áp- šu-nu,The day you left you took 5 minas of scrap metal worth 4 shekels of silver.
KUG 27,4 GÍN 0.5 GÍN 15 ŠE wa-ši- tum ta-aš-pu-ra-ma ú-ši-ib,"The export duty was 0.5 shekel 15 grains; you wrote me about it, and I added it."
KUG 27,5 0.5 ma-na KÙ.BABBAR ša še-ep En<-nam>-A-šur 3 GÍN KÙ.BABBAR i-sá-nu-qí-im im-tí-ma am-ší-ma i-ni-ka-ši lá aš-ku-na-kum,"As to the 5 0.5 minas of silver carried by Ennam-Aššur, 3 shekels were found to be missing during the check, but I forgot to charge it to you at the accounting."
KUG 27,2 UDU ša DUMU Pi-da-a 5 0.5 ma-na 1 UDU 1 0.83333 ma-na ša I-dí-lim 1 UDU 3 ma-na 1 UDU 2 0.33333 ma-na 5 GÍN 1 UDU 2 ma-na 10 GÍN ša A-šur-SIPA 1 UDU 2 0.33333 ma-na ša Zu-a 1 UDU 2 0.66666 ma-na ša Du-ni-a 1 UDU 3 0.33333 ma-na DUMU Du-ni-a-ma GAL,"2 sheep belonging to Pidayas son: 5 0.5 mina; 1 sheep worth 1 0.83333 mina belonging to Iddin-ilum; 1 sheep: 3 minas, 1 sheep 2 0.33333 minas 5 shekels; 1 sheep: 2 minas 10 shekels— belonging to Aššur-rēʾi; 1 sheep worth 2 0.33333 minas belonging to Zua; 1 sheep worth 2 0.66666 minas belonging to Dunnia; 1 sheep worth 3 0.33333 minas—the same Dunnias eldest son."
KUG 27,1 TÚG 8 0.66666 ma-na ša A-šur-DÙG ta-am-ši-ma,"You forgot 1 textile worth 8 0.66666 minas belonging to Aššur-ṭāb, so I paid."
KUG 27,áš-qúl ŠUNIGIN URUDU 32 ma-na LÁ 5 GÍN KÙ.BABBAR-áp-šu-nu 0.33333 ma<-na> LÁ 0.83333 GÍN a-ší-im TÚG-tim ù UDU.HI.A ša ta-am-ši-ú áš-qúl,"The total in copper: 32 minas less 5 shekels, in silver: 0.33333 mina less 0.83333 shekels, I have paid as the price of the textile and the sheep which you forgot about."
KUG 27,1+ <gap> GÍN iš-tù ša-du-a-at KÙ.BABBAR-pì-kà ša šé-ep Be-lí-a-lim ù DUMU ku-um-ri-im,I paid as compensation 1[+ <gap> ] shekels after the transport tariff on your silver transported by Bēlī-alum and the son of the priest.
KUG 27,a-pu-ul 3 LÁ 0.25 GÍN KÙ.BABBAR iš-tù ša-du-ú-tum gám-ra-at-ni a-na Ištar-pí-lá-ah ù DUMU Ir-nu-id a-pu-ul,After the transport tariff had been spent I paid as compensation 3 less 0.25 shekels of silver to Ištar-pilah and Irnuids son.
KUG 27,1 ma-na KÙ.BABBAR a-ši-im 2 GUD.HI.A ù ú-tí-tim a-na me-er-e ša-ku-li-im ag-mu-ur ší-tí KÙ.BABBAR-pì-kà 2 ma-na 0.66666 GÍN i-na li-bi4 5 ma-na 1 GÍN KÙ.BABBAR lu-qú-tim ša še-ep En-nam-Be-lim ú-ša-he-er ší-tí KÙ.BABBAR-pì-a 2 ma-na 0.33333 GÍN i-na pá-ni-e-ma,"1 mina of silver I spent on the price of 2 oxen and grain to feed the sons. The rest of your silver: 2 minas 0.66666 shekels, I deducted from the 5 minas 1 shekel of silver, the shipment transported by Ennam-Bēlum; send the rest of my silver, 2 minas 0.33333 shekels as soon as possible."
KUG 27,šé-bi4-lam li-ba-ka lá tu-lá-ma-an a-na a-wi-li ah-ša-ah-ma al-qé,"Do not be angry. I wanted it for the men, so I took it."
KUG 48,um-ma A-šur-i-dí-ma a-na A-šur-na-da qí-bi4-ma: a-šu-mi I-dí-Sú-in ša ta-áš-pu-ra-ni I-dí-Sú-in aš-ba-at-ma i-ma-ha-ar a-hi-ni um-ma a-na-ku- ma KÙ.BABBAR i-na ba-a-ba-tí-a ta-al-ta-qé KÙ.BABBAR-pì dí-nam um-ma šu-ut-ma,"From Aššur-idī to Aššur-nāda: Concerning Iddin-Suen about whom you wrote, I seized Iddin-Suen and in the presence of our colleagues I said: You have taken silver from my outstanding claims!"
KUG 48,mi-ma KÙ.BABBAR-áp-kà lá al-qé ú ni-kà-si ú-ni-a-ni-ma KÙ.BABBAR,Give me my silver! He answered: I have not taken any of your silver.
KUG 48,1 ma-na ù 2 ma-na i-ṣé-ri-a il5-qé AN.NA 1 GÚ KI Ša-lim-a- hi-im a-na u4-me ni-il5-qé-ma a-na Bu-ru-uš-ha-dim ú-šé-ri-ib-ma ih-ta-al-qé-ni a-wa-at A-limki lá tí-de8 a-na-kam a-ba-ú-šu im-tí-du-ma a-hi-ni nu-šé-ši-ib-ma a-šu-mi KÙ.BABBAR a-na-kam ra-kà-si< -im> ni-iš A-limki ú-ta-me-ú-ni-a-tí-ma a-na 6 ma-na KÙ.BABBAR ú-ma-gi5-ru-ni- a-tí iš-tù ITI.1.KAM Tán-bar-ta li-mu- um Ib-ni-dIM DUMU Ba-qú-ni-im 1 ma-na.TA i-na ša-tim KÙ.BABBAR ša-al-ma-am i-na A-limki,"So, he cheated me with the account, for he has taken at least 1 or 2 minas of silver at my expense. We have borrowed tin, 1 talent, from Šalim-ahum on fixed terms, and he brought that into Burušhaddum where it was lost for me. Dont you know the state of affairs in the City? Here his fathers have become numerous, so we convened our colleagues, and they made us swear an oath by the City concerning the contractual agreement to pay the silver here , where they made us agree on 6 minas of silver: Reckoned from the month Tanbarta in the eponymy of Ibni-Adad son of Baqqunum he is to pay 1 mina per year without deduction to you in the City."
KUG 48,i-ša-qá-lá-kum ša KÙ.BABBAR 1 ma-na ù 2 ma-na ši-ma-am na-ší,He carries goods worth at least 1 or 2 minas of silver.
KUG 48,a-ma-kam ṣa-ba-sú-ma ki-ma a-wi-lu- tí-kà,Seize him there and act as a gentleman.
KUG 48,e-pu-uš a-pu-tum ra-ma-kà za-ki-a-ma i-na ha-ar-pè iš-tí A-šur-ma-lik,"Please, free yourself of claims, set out and come at harvest time together with Aššur-malik."
KUG 48,a-li-ki-im ṭur4-dam,
Pa. 14 (L 29-568),um-ma A-šùr-i-dí-ma a-na A-šùr-na-da qí-bi4-ma a-šù-mi KÙ.BABBAR ša Kà-ri-a ù ku-a-tí: ša tù-šé-bi-lá-ni um-ma ša ki-ma Kàr-ri-a-ma lu-qí-tám a-na i-ta-aṭ-li-im,"From Aššur-idī to Aššur-nādā: With regard to the silver belonging to Karria and yourself which you sent to me, Karrias representatives said: Let him sell the goods for cash on delivery, and send the silver here!"
Pa. 14 (L 29-568),li-dí-in-ma KÙ.BABBAR,He must not release it .
Pa. 14 (L 29-568),lu-šé-bi-lam la ú-wa-šar a-pu-tum a-na i-ta-aṭ-li-im lu-qí-tám dì-in-ma,"Please, sell the goods for cash on delivery and send me his half of the silver raised."
Pa. 14 (L 29-568),mi-iš-li-šu KÙ.BABBAR šé-bi-lam,Do not listen to anything else!
Pa. 14 (L 29-568),ú-za-kà: la i-ba-ši KÙ.BABBAR-ap a-we-lim a-na na-ru-qí-im,Do not use the mans silver as a joint-stock investment.
Pa. 14 (L 29-568),mi-ma: la ta-na-ši ù šu-ma: i-qí-šu-ni,Even if they are ready to give it as a gift you must not take any!
Pa. 14 (L 29-568),mi-ma: la ta-lá-qé šu-ma Kà-ri-a i-na KÙ.BABBAR a-tí-im me-ra-šu: i-na ša-ha-tí-kà li-zi-iz-ma ṭup-pá-am ša ši-a-ma-tim ší-ta-me-a-ma: ší-ma-am dí-na-ma KÙ.BABBAR mi-iš-li-šu,"If Karria has invested in the silver, then let his son assist you, and listen carefully to the letter concerning the purchases, sell the consignment and place his half of the silver under seal, and send it here."
Pa. 14 (L 29-568),ku-un-kà-ma šé-bi-lá-nim ki-ma ú-ra-am a-na ma-mi-tim la i-sa-bu-tù-kà-ni KÙ.BABBAR i-na šé-bu-lim,In order that they cannot seize you tomorrow to make you swear an oath you must have witnesses when the silver is sent.
Pa. 14 (L 29-568),ší-bi šu-ku-un šu-ma um-ma me-ra-šu-ma,If his son says: Give me the goods!
Pa. 14 (L 29-568),lu-qí-tám: dí-nam a-na a-wa-at É a-bi-a ma-aš-a-ku: ma-a,"I shall be responsible for the affairs of my fathers house! — why, then he deprived you with words."
Pa. 14 (L 29-568),i-na a-wa-tim ip-tù-a-kà um-ma a-ta-ma ma-lá i-na É a-bi-kà i-še-ri-a i-lá-qé-ú-ni,"You should answer: Whatever they will take at my expense in your fathers house, I shall take at your expense!"
Pa. 14 (L 29-568),i-na šé-ri-kà a-lá-qé: ṭup-pá-kà ù ší-bé-kà,See to it that your tablet and your witnesses are in order! Release the goods.
Pa. 39 (L 29-602),um-ma A-šur-i-dí-ma a-na A-šur-na-da qí-bi4-ma 5 GÍN KÙ.BABBAR i-na e-ra-bi4-šu-ma Ás-qú-dí-a ša-áṣ-qí-il5-ma iš-tí ší-im ANŠE ku-nu-uk-ma i-pá-ni-e-ma,"From Aššur-idī to Aššur-nāda: Make Asqudia pay 5 shekels of silver as soon as he arrives, seal that together with the money from the sale of the donkey, and send it as soon as possible."
Pa. 39 (L 29-602),šé-bi4-lam 1 TÚG ku-ta-nu-um i-ṭù-pì-a lá lá-pì-it ša A-šur-ta-ak- lá-ku Ás-qú-dí-a-ma na-aš-a- kum,1 kutānu-textile was not noted in my letter; it belongs to Aššur-taklāku; Asqudia is on his way to you with that as well.
RC 1749 B,8 TÚG a-ni-ú-tim ù 15 TÚG.HI.A ša En-nam-Be-lúm ub-lá-ku-nu-tí-ni ŠUNIGIN 23 TÚG.HI.A a-ni-ú-tim a-na ni-kà-sí-a a-na É kà-ri-im i-ta-dí-a,These 8 textiles plus 15 textiles which Ennam-Bēlum has brought to you— in all: these 23 textiles— you must deposit on my account in the colony office.
RC 1749 B,šu-uq-lá a-wa-at A-lim da-na-at,The order of the City is strict!
RC 1749 B,a-pu-tum ih-da-ma KÙ.BABBAR šu-uq-lá,"Please, take care to pay the silver!"
"TC 3, 93",um-ma A-šur-i-dí-ma a-na A-šur-na-da qí-bi4-ma ta-li-kam-ma: a-dí 5-ši-šu,From Aššur-idī to Aššur-nāda: After you came here you have broken your promises five or six times!
"TC 3, 93",ù šé-ši-šu: tù-pá-šé-er ù kà-ki: ša A-šur ù A-šu-ri-tim im-hu-šú- kà ù tù-pá-šé-er um-ma a-ta-ma i-na šé-ri-šu li-mu-ru ša a-wa-at: i-lí,"But though the weapons of divine Aššur and Aššuritum have hit you, you still broke your word, saying: Let them care about him who treats the words of the gods as those of mankind."
"TC 3, 93",a-na ša ta-ni-iš-tim,So far you have not left.
"TC 3, 93",i-ša-ku-nu: a-di-ni lá tù- ší šú-hu-ur-kà: a-na,Your children have been chased into destitution!
"TC 3, 93",ú-ri-im: kà-šu-ud du-lá-kà: i-a-tí ta-áṣ-hu-ut-ma: ù i-na,"You bother me with your own sorrows, while I suffer out of pity for the children!"
"TC 3, 93",ri-im: šú-uh-ri-ma a-zu-áb: A-šur ù A-šu-ri- tum uš-ta-na-ú-du-kà um-ma šu-nu-ma lá-am-na- tim i-na li-bi4-šu e-ta-wu li-bu-šu lá iš-ru-ni-ku-um,"Aššur and Aššuritum are giving you urgent instructions with the words: He speaks wickedness in his heart, his thoughts are not friendly towards you, his hand is turned away."
"TC 3, 93",qá-šu na-ba-al-ku-ta-at kà-lá a-wa-tim ša i-lí e-ta-wu-ni-ku-um a-wa-tim ša be-tí-ni: a-dí a-šu-ri-ma ta-am-tí-ši um-ma DINGIR-lu-ma,"All those words of the gods they spoke to you, words about our family, heaven forbid that you should have forgotten them! The gods said: He has refused to obey our commands!"
"TC 3, 93",a-wa-ti-ni ú-lá im-tù-a a-pu-tum a-wa-at,"Please, obey the commands of the gods!"
"TC 3, 93",i-lí: ú-šú-ur šu-ma lá ta-šú-ur,"If you do not obey them, you are lost."
"TC 3, 93",ta-ah-li-iq i-na pá-ni-tim,"At first my anger was great, and you know it well!"
"TC 3, 93",lu-mu-un li-bi4-a ma-ad ù li-ba-kà i-de8: um-ma a-na-ku-ma ù-um-šu-ma šà-he-er,But I said : Until now he has delayed but he must have heard the words of the gods.
"TC 3, 93",ù a-wa-at i-lí iš-té-me li-ba-kà,He cannot have made you angry.
"TC 3, 95",um-ma A-šur-i-dí-ma a-na Puzur-Ištar ù Ás-qú-dim qí-bi4-ma 1 GÚ.5 ma-na AN.NA ku-nu-ki ša Ás-qú-dum na-aš-ú a-na-ma Tí-me-el-ki-a ta-kà-ša-dá- ni um-ma a-tù-nu-ma a-na Šu-Ištar DUMU A-zu-da qí-bi4-a-ma tí-ir-tí A-šur-i-dí AN.NA 1 GÚ le-qé-ma gi-mì-lam i-na še-ri-šu šu-ku-un,"From Aššur-idī to Puzur-Ištar and Asqudum: As to the 1 talent 5 minas of tin under seal which Asqudum is bringing, as soon as you reach Timelkia you must say as follows to Šu-Ištar, the son of Azuda: Aššur-idis orders were that you should take at least 1 talent of tin to do him a favour."
"TC 3, 95",tup-pu-šu ha-ar-ma-am ša hu-bu-li-šu lu-up-ta a-na 25,Draw up a certified tablet concerning his debt to run for 25 weeks.
"TC 3, 95",ha-am-ša-tim šu-ma lá i-ma-ga-ar-ku-nu a-na 30 lu 35 ha-am-ša- tim,"If he does not agree with you, then draw it up for 30 or 35 weeks."
"TC 3, 95",lu-up-ta tup-pu-šu hi-ir-ma-ma a-na A-šur-na- da,Certify his tablet and entrust it to Aššur-nāda.
"TC 3, 95",pi-iq-da ù TÚG.HI.A ma-lá ta-le-e-a-ni,"Also, make him take as many textiles as an investment as you can."
"TC 3, 95",at-ma-šum ší-tí TÚG.HI.A a-na še-er A-šur-na-da,Bring the rest of the textiles to Aššur-nāda.
"TC 3, 95",bi4-il5 šu-ma a-hu-a-a a-tù-nu ih-da-ma gi-mì-lam i-še-ri-a šu-uk-na a-na,"If you are truly my brothers, take care and do me this favour."
"TC 3, 95",Ás-qú-dim qí-bi4-ma šu-ma Puzur-Ištar a-ta-ma dì-šum ši-be 3 šu-ku-šu-um,"To Asqudum: If Puzur-Ištar is absent, then hand it over personally to him. Set 3 witnesses for him."
letter57_KTS1_13b,um-ma A-šùr-na-da- ma a-na I-dí-Šú-in ù Ší-ša-ah-<šú->ša-ar qí-bi4-ma 17 GÍN KÙ.BABBAR ṣa-ru-pá-am ší-im a-bar-ni-im Ku-zu-zi-a iš-tù 10 ša-na-tim ha-bu-lam,"From Aššur-nādā to Iddin-Suen and Šišahšušar: Kuzuziya has owed me 17 shekels of refined silver, the price of an abarniu-textile, for 10 years."
letter57_KTS1_13b,mi-šu ša am-tum ta-li-ku-ma ú-qá- li-lu-šu,"How come that when the maid went, he insulted her?"
letter57_KTS1_13b,né-ma-al KÙ.BABBAR-pi-a ša iš-tù 10 ša-na-tim i-be-e-lu KÙ.BABBAR ša-áš-qí- il-šú-ma a-na a-am-tim,"The profit accrued on my silver, over which he has disposed for 10 years, make him pay that silver, and give it to the maid."
letter57_KTS1_13b,dí-in šu-ma mì-ma i-qá-bi4 šú-ga-ri- a-am ša A-šùr li-it-ma-ma ú li-it-ba-al- šú,"If he protests in any way, then let him swear by divine Aššurs šugariaum and only after that can he take it away."
letter57_KTS1_13b,a-pu-tum lá ta-ga- mí-il-šú,"Please, do not show him any favour."
letter57_KTS1_13b,ú-rul KÙ.BABBAR li-iš-qú-ul ú-ul ta-mì-šú,Either he pays the silver or you make him take an oath!
letter57_KTS1_13b,15 GÍN KÙ.BABBAR iš-tù Ha-ar-ta-al,15 shekels of silver is owed by Hartal.
letter57_KTS1_13b,AN.NA-ak-šú a-na ša-pá-ar- tim,His tin was pledged for it.
letter57_KTS1_13b,KÙ.BABBAR ša-áš-qí-il5-šù- ma r1 ma-na 6 GÍN KÙ.BABBAR r Du-du 0.5 ma-na KI Ša-ra-pu-nu-a ša-áš-qí-lá- ma a-na a-am-tim dí-in,"Make him pay the silver and have paid <gap> mina 6 shekels of silver belonging to Dudu 0.5 mina owed by Šarapunuwa, and give it to the maid ."
letter56_KTS1_13a,um-ma A-šùr-na-da-ma a-na A-gu-za Ú-ṣú-ur-ša-A-šur ù Ší-ša-ah-šu-sar qí-bi-ma 10+7 GÍN KÙ.BABBAR ṣa-ru-pá-am iš-tù 8 MU.ŠÈ Ku-zi-zi-a,"From Aššur-nādā to Aguza, Uṣur-ša-Aššur and Šišahšušar: 17 shekels of refined silver Kuziziya borrowed from me 8 years ago."
letter56_KTS1_13a,ha-bu-lam i-nu-mì wa-áš-ba-ku-ni as-ba-sú-ma um-ma šù-ut-ma ú-nu-ú: a-dí-ni lá e-ru-ba-am,"When I stayed there I seized him, but he said: My merchandise has not arrived yet."
letter56_KTS1_13a,a-hu-a: a-tù-nu ṣa-áb-ta-šu-ma KÙ.BABBAR ù ṣí-ba-sú ma-lá wa-as-mu ša-áš-qí-lá-šu,"My dear brothers, seize him and make him pay the silver and as much interest as is fitting."
letter56_KTS1_13a,lá ta-ga-mi-lá-šu,Do not show him any favours!
letter56_KTS1_13a,a-na am-tim,Give it to the maid.
letter56_KTS1_13a,dí-na-šu nu-hi-in ša-ma-ma ANŠE Ì.GIŠ ma-li-a-ma šé-bi-là-nim ù ma-lá ki-ìd-li-ma šé-bi-là-nim,"Buy two leather pouches, load a donkey with oil, and send it to me. Do send as much as both can contain."
letter55_RC1749_D,um-ma A-šur-na-da-ma a-na A-gu-za Ši-ša-ah-šu-šar ù A-šur-dUTU-ši qí-bi-ma šu-ma dIM-ba-ni tup-pu-šu e-ri-iš-ku-nu tup-pi-a pé-té-a-ma tup-pu-šu am-ra-ma ša i-ša-qú-lu ṣa-hi-ra-ma ša ší-tim tup-pu-šu lu-up-ta-ma ù a-li-am dí-na-šu-um,"From Aššur-nādā to Aguza, Šišahšušar and Aššur-šamšī: If Adad-bāni asks you for his tablet, then open my tablet , look for his tablet, deduct what he will pay and write a tablet for him concerning the rest—and only then give him the other one."
letter55_RC1749_D,tup-pá-am ša 0.5 ma-na KÙ.BABBAR ša bé-ú-lá-at A-šur-i-dí DUMU Ku-ša- a i-nu-mì ra-bi-šú-um ša É Ku-ra iṣ-bu-tù- kà a-na ku-nu-ki ša a-bi4-kà wa-du-im a-dí-na- kum A-gu-za a-na li-bi4 tù-pí-a lu-ta-ir-šu,"I gave you a tablet concerning 0.5 mina of silver of the working capital of Aššur-idī son of Kusaya, in order that when the attorney of Kuras firm seized you you could confirm the identity of your fathers seal— let Aguza return that to my tablets."
letter55_RC1749_D,Ì.GIŠ DÙG.GA kà-lá-šu-ma šà-ni- qá-ma ANŠE.HI.A ù šú-ha-ri mì-ma <a->šé-er Wa-aš-ha-ni-a-ma ṭur4-da-nim,"Check all of your first class oil, and as for the donkeys and the servants, send them all [to] Wašhania."
letter54_VS26_19,um-ma A-šur-na-da-ma a-na A-šur-ta-ak- lá-ku ù Ši-ša-ah-šu-šar qí-bi-ma mì-šu ša um-ma a-tí-ma e-lá 20 na-ru-uq GIG ù 15 na-ru-uq še-im ša Ku-tù-bi4-iš i-dí-na-ni mì-ma ša-ni-um lá-šu,From Aššur-nādā to Aššur-taklāku and Šišahšušar: Why is it that you say: Apart from 20 sacks of wheat and 15 sacks of barley that Kutubiš gave me there is nothing else !
letter54_VS26_19,a-li 40 ma-na ni-ga-lu 2 0.5 ma- na AN.NA ša a-na Ša-na-a Ì-lí-šar ù Hu-lu- ba,Where are the 40 minas of sickles the 2 0.5 minas of tin which Ili-išar and Huluba brought to Šana?
letter54_VS26_19,ub-lu-ni a-pu-tum KÙ.BABBAR ša Ha-lu-li A-zu ù Tù-tù-li ù Kà-ú-ba ṣa-ah-dí-ra-ma 10 na-ru- uq bu-uq-lim 10 na-ru- uq ba-pí-ra-am ší-pí-ma ep-ší,"Please, put pressure on Azu and Tutuli as well as Kauba with respect to the silver of Hauli, and soak 10 sacks of malt and 10 sacks of beer bread to prepare ."
letter54_VS26_19,šu-ma ú-tá-tám ta-ha-ši-hi ša-mi šu-ma a-ba-a-ba- tim lá na-ah-du ti-ir-tí-ki,"If you want any grain then buy it. If they are not careful with the outstanding claims, send me word."
letter54_VS26_19,li-li-kam Ì.GIŠ šé-bi4-lim,Send me some oil.
letter52_TC2_47,um-ma A-šur-na-da- ma a-na Ší-ša-ah-šu- šar qí-bi-ma 55 ma-na Ì.KAL ša hu-zi-ri-im nu-hu-um ku-nu-ki-a ù na-ru-tum ša e-ru-bu dUTU-ba-ni na-aš-a-ki-im,"From Aššur-nādā to Šīšahšūšar: 55 minas of lard, a leather pouch under my seal, plus the narūtu-malt that has arrived, Šamaš-bāni is on his way to you with that."
letter52_TC2_47,a-pu-tum mu-za-am ù e-wa- za-tim ša e-zi-bu ša-ší-ri-ma šé-bi4-li-ší-na,"Please, guard the muzum and the ewazātum which he left, and send them."
letter52_TC2_47,URUDU li-dí-nu-ma tí-ib-nam,"Let them sell copper, and buy straw."
letter52_TC2_47,ša-ma: tù-hi ih-da-ma a-bi4-lá,Take care to dry the chaff.
letter52_TC2_47,GUD.HI.A SIG5 A-lá-hu-um li-iš-a-ma tí-ib-nam pá-hi-ra,Let Alāhum buy oxen of good quality and gather the straw.
letter51_RC1749_C,um-ma A-šur-na-da-ma a-na Ší-ša-ah-šu-šar qí-bi-ma ú-ṭá-tám ù sú-ba-ra-am ma-lá Ì-lí-i-šar ù Hu-lu-ba ší-im ni-ga-li ù AN.NA ša a-dí-šu-nu-tí-ni-ma a-na A-lá-ni ub-lu-ni ma-lá i-dí-nu-ni-ki-ni mì-šu-um ma-tí-ma tí-ir-tí-ki lá i-lá-kam,"From Aššur-nādā to Šīšahšūšar: As to the grain and the subāru-fodder, as much as Ili-išar and Huluba as the price of sickles and tin, which I gave to them and which they brought to Alāni —why have you not sent me word at all about how much they have given to you?"
letter51_RC1749_C,šu-ma lá i-du-nu-nim a-na bi-tí-a lá e-ru-bu-nim,If they do not give you anything they must not enter my house.
letter51_RC1749_C,Hu-lu-ba i-na ki-ša- ar-ší-im id-a ù Ì-lí-i-ša-ar ší-im 30 ma-na <URUDU> ù 1 GÍN 22 <ŠE> KÙ.BABBAR ša ha-bu-lu ša-áś-qi-lá-šu,"Throw Huluba in jail, and make Ili-išar pay the price of 30 minas of and 1 shekel 22 of silver, that he owes."
letter51_RC1749_C,40 ma-na URUDU 10 TÚG ku-ta- nu 4 šu-ru-tum ša TÚG ša il5-qé-ú-šu-nu-ni,"40 minas of copper, 10 kutānu-textiles, 4 black textiles, of the textiles which they took for themselves."
letter50_CCT3_7a,um-ma A-šur-na-da-ma a-na Ší-ša-ah-šu-šar qí-bi4-ma a-ša áš-pu-ra- ki-ni um-ma a-na-ku-ma a-re-eš15 da-áś-e a-ša-pá-ra-ki-ma ta-li-ki-im li-bi4-ki lá tù-lá-mì-ni ku-sú-um is-ni-iq-ni a-tí-ma ù bu-lá-tí-im ša a-da-gu5-lu-ni a-na ba-áb-tim i-tù-ar-ma a-ší-a-tí lá áš-pu-ra-ki<-im>,"From Aššur-nādā to Šīšahšūšar: As to the fact that I wrote to you, saying: At the beginning of spring I shall write to you, so you can come here—do not be angry at me! The cold weather caught up with us, and consequently the capital that I was expecting reverted to outstanding claims, and that is the reason I did not write to you."
letter50_CCT3_7a,mì-šu ša um-ma a-tí-ma ú-lá al-tè-e,Why do you say: I cannot manage?
letter50_CCT3_7a,bu-lá-tí ša qá-tí iṣ-bu-tù-ni-ni e-šu-ma iṣ-ba-at ma-du ha-lá-aq,"The capital that I could lay my hands on— very little could be had, much has been lost."
letter50_CCT3_7a,a-na Ku-na-na-mi-it e-ra-áb-ma ša lá-qá- e a-lá-qé-a-ma i-wa-ṣa-i- a a-ša-pá-ra-ki-im-ma a-sé-ri-a ta-li-ki-im,"When I arrive at Kunanamit I shall take what there is to take, and as soon as I leave again I shall write to you so you can come to me."
letter50_CCT3_7a,wa-dí a-li-tí-a ú-lá i-ṭá-hi-i,"As you know, my funds he must not touch."
letter50_CCT3_7a,šu-ma i-lá-kam qá<-qár>-šu-um lá tù-sa-bi4-i-ma lá ta-da-šu-um,"If he comes, do not look the other way and do not give it to him."
letter50_CCT3_7a,ú šu-ma šú-ha-ar-TUM e-ri-iš6-ki Sá-a-ma ú sé-ri-šu a-šar li-bi4-šu li-it-ru-šu,"But if he asks you for the girl, then let him take Sama and his children where he wants."
letter48_TC1_15,a-na A-šúr-i-dí qí-bi-ma um-ma A-šúr-na-da-ma a-na šu-mì ni-kà-sí-a a-dí iš-ri-šu ta-aq-bi4-a-am um-ma a-ta-ma i-na KÙ.BABBAR-pì-a šu-qú-ul,To Aššur-idī from Aššur-nādā: With respect to my account you told me 10 times: Pay with my silver.
letter48_TC1_15,ù i-na ša-am-ší ú-ṣí-a-ni um-ma a-na-ku ma lá-áš-hu-ut um-ma a-ta-ma lá ta-ša-ha-at,And the day I left I said: Let me clear it. You answered: Do not clear it!
letter48_TC1_15,a-na mi-ni-a: a-na-ku ú-ša-zi-iz,For which of my affairs have I personally appointed someone to represent me?
letter48_TC1_15,ù ki-ma lu-mu-un li-bi4-im a-ni-a- tim ta-ša-pá-ra-am A-šúr ù dNIN.ŠUBUR li-tù-lá i-šu qá-tí-a ú-lá-qí-it-ma 3 0.5 ma-na 4 GÍN KÙ.BABBAR ṣa-ru-pá-am a-na ni-ip-lá-ti-a ša 16 ma-na.TA,"Also, instead of sending these angry messages, let Aššur and Ilabrat be my witnesses that I have scraped together what I had in my possession, and that I did pay 3 0.5 minas 4 shekels of refined silver for my balance payment, amounting to 16 minas each."
letter48_TC1_15,lu aš-qú-ul u4-ma-am 16 ma-na KÙ.BABBAR qá-tám i-na KUG-pì-kà na-ad-a-ku iš-tí-in ù ší-na ša iš-hu-tù-ni ma-lá na-ad-ú-ni i-tí-pì-il5-ma ù 6 ma-na.TA ṣa-ru-pá-am KÙ.BABBAR ša ma-ṣa-<ar->tim ša A-šúr i-šà-qal-ma i-šà-ha-at,"Today I am booked for a share of 16 minas of your silver. As to the one or two who have cleared, what they have deposited has been balanced, and he will have to pay at the rate 6 minas each in refined silver to the treasury of Aššur, and he will then clear it."
letter48_TC1_15,ma-la-kà 10 ma-na KÙ.BABBAR ṣa-ru-pá-am ni-is-ha-sú DIRI ša-du-a-sú ú wa-ṣi-sú ša-bu A-šúr-ta-ak-lá-ku na-aš-a-kum AN.NA SIG5 ša-ma-ma šé-bi4-lam,"It is up to you. 10 minas of refined silver, its import duty added, its transport tariff and export duty paid for, Aššur-taklāku is on his way to you with that. Buy good quality tin and send it to me."
letter49_LB_1231,a-na A-šúr-i-dí qí-bi4-ma um-ma A-šúr-na-da-ma 40 ma-na AN.NA ša 0.5 ma-na KÙ.BABBAR hu-ša-e: e-li-a-tim ša 0.33333 ma-na KÙ.BABBAR <gap>-ú-tim 13 0.33333 ma-na <gap> .1 DUG ri-iš-tum 19 <gap>,"To Aššur-idī from Aššur-nādā: 40 minas of tin, representing 0.5 mina of scrap silver, top-packs for 0.33333 mina of silver <gap> 13 0.33333 minas <gap> 1 jar of first-class oil 19 <gap> ."
letter49_LB_1231,0.66666 ma-na mu-ṭá-e <gap> iš-tù: AN.NA-ak qá-tim qám-ru 0.33333 ma-na: 1 GÍN AN.NA ta-na-pá-al 2 ma-na KÙ.BABBAR ša Zu-zu: ha-bu-lá-ku-ni 1 ma-na KÙ.BABBAR ša ta-ah-bu-lá-ni 5 GÍN KÙ.BABBAR šé-bu-ul-ta-kà 3 GÍN KÙ.BABBAR a-na um-mi-ni ù Pá-ru-<ur->tim ni-is-ha-sú DIRI ša-du-a-sú ša-bu-ú DUMU I-li-tú-ra-am na-aš-a-kum 1 0.33333 ma-na 5 GÍN KÙ.BABBAR En-um-Be-lúm DUMU Šu-Lá-ba-an <gap> šu-ma TÚG.HI.A: lá-qá-am <gap> ša-ma-ma: i-na <gap> šé-bi4-lam a-šu-mì ša <gap> áš-ta-na-pá-ra-ku-ni <gap> ú-lá <gap>,"0.66666 mina losses <gap> after the tin for expenses has been spent, you will have to compensate 0.33333 mina 1 shekel of tin, 2 minas of silver which Zuzu owes to you, 1 mina of silver which you borrowed from me, 5 shekels of silver, your dispatch, 3 shekels of silver for our mother and Parrurtum, its import duty added, its transport tariff paid, Ili-tūrams son brings that to you; Ennam-Bēlum son of Šū-Laban <gap> 1 0.33333 mina 5 shekels of silver; <gap> if he [refuses] to take the textiles <gap> buy. In <gap> send me. Concerning what <gap> I keep writing to you about, <gap> do not <gap>"
letter47_TC1_2,a-na A-šúr-i-dí qí-bi4- ma um-ma A-šúr-na-da- ma 10 ma-na KÙ.BABBAR ṣa-ru-pá-am ša ba-ri A-lá-hi-im ù i-a-tí Ha-na-nu-um DUMU I-ku-pí- a a-na A-lá-hi-im ù A-šúr-ta-ak-lá-ku,"To Aššur-idī from Aššur-nādā: The 10 minas of refined silver which is owned jointly by Alāhum and myself, Hannānum, the son of Ikuppiya, has sent to Alāhum and Aššur-taklāku."
letter47_TC1_2,ú-šé-bi4-il5 um-ma a-na-ku-ma ni-is-ha- tim ù ša-du-a- tám ra-dí-a-ma a-na a-bi4-ni ù ša ki-ma A-lá-hi-im,I said: Add the import duty and the transport tariff and send it to our father and Alāhums representatives.
letter47_TC1_2,šé-bi4-lá a-bi4 a-ta be-li a-ta a-na mì-ma KÙ.BABBAR ù GUŠKIN ša uš-té-bi4-lá-ku-ni mì-iš-lam5 AN.NA SIG5 wa-at-ra-am mì-iš-lam TÚG.HI.A,"If you are truly my father and lord, for all the silver and gold I have sent you buy half tin of extraordinary quality and half textiles."
letter47_TC1_2,ša-ma-am a-na <a->li-im ša 2 ši-ni- šu ša-la-ší-šu i-lu-ku,To the City they will go two or three times.
20. Pa. 10 (L 29-563),um-ma A-šùr-i-dí-ma a-na A-šùr-na-da qí-bi4-ma: ra-ma-kà za-ki-a-ma: tí-ib-a-ma a-ta-al-kam,"From Aššur-idī to Aššur-nādā: Clear yourself of obligations, set out and come here."
20. Pa. 10 (L 29-563),a-šu-mì ha-ra-ni-kà DINGIR: li-ba-tí-kà,The god is full of anger towards you because of your journey.
20. Pa. 10 (L 29-563),ma-li: ú šu-ma KÙ.BABBAR 1 GÍN ma-ma-an a-na na-ru-qí-im i-dá-na-ku-um na-an-šé-am,"So, if anyone wants to give you even 1 shekel of silver for your joint-stock investment, then accept it."
20. Pa. 10 (L 29-563),ša-am-ša-am: ša 1 ma-na GUŠKIN a-na A-šur: ha-bu-lá- ku,I owe divine Aššur a sun-disk of 1 mina of gold.
20. Pa. 10 (L 29-563),i-na ik-ri-bi4-a ep-ša-am 6 ma-na KÙ.BABBAR a-na dIštar i-na li-bi4 ik-ri-bi4- a,Make it from my votive offerings. Bring me 6 minas of silver for divine Ištar out of my votive offerings.
20. Pa. 10 (L 29-563),bi4-lam šu-ma lá ma-ši i-na ra-mi-ni-kà,"If there is not enough, then put down some yourself."
20. Pa. 10 (L 29-563),i-dí: a-na šu-mi-kà ak-ru-ub,I have vowed them for your benefit.
20. Pa. 10 (L 29-563),al-kam-ma a-he-kà a-na wa-ar-du-tim lá a-dí-na-ku-um,"Come here, for I did not give you your brothers to be slaves!"
"19. CCT 4, 2a",ni-is-ha-sà: a-ha-ma,Seal the import duty separately.
"19. CCT 4, 2a",ku-un-kà-am 6 ma-na KÙ.BABBAR hu-ša-e-e SIG5 ù ni-is-ha-sú a-na dIštar ku-un-kà-am,"Place 6 minas of good quality scrap silver plus its import duty, for divine Ištar, under seal."
"19. CCT 4, 2a",ší-ti KÙ.BABBAR a-ha-ma ku-nu-uk-ma šé-bi4-lam,Seal then also the rest of the silver and send it to me.
"19. CCT 4, 2a",ù a-ta za-ki-a-ma ra-ma-kà tí-ib-a-ma,"Then you must clear yourself of obligations, set out and come here."
"19. CCT 4, 2a",a-tal-kam ša i-šé-ri-kà ṣa-hu-ru-ni na-ru-qá-tim na-aš-ú ù ša i-šé-ri-la ṣa-hu-ru-ni 10 ma-na GUŠKIN iš-ta-áp-ku,"People less important than you administer joint-stock investments, and people less important than me have invested 10 minas of gold."
"19. CCT 4, 2a",al-kà-ma na-ru-qá-am na-an-šé-ma ù ší-i,Come and take over a joint-stock capital and only then leave again.
"19. CCT 4, 2a",ù šu-ma a-ma-kam ma-ma-an i-da-na-kum le-qé,"Also, if anyone there wants to give you anything, then take it!"
"19. CCT 4, 2a",al-kà-ma ù a-na-kam a-šar lá-qá-im lá-šú,"Come then, for here there is no opportunity for receiving anything."
"19. CCT 4, 2a",a-šu-mì ha-ra-ni-kà i-lu-um li-ba-tí-kà ma-li ti-ib-a- ma a-tal-kam 10 ma-na KÙ.BABBAR ša tù-wa-ta-ra-ni a-dí-na-an na-pá-áš-tí-kà,The god is full of anger towards you because of your journey. Set out and come! The 10 minas of silver which you will give me in addition will serve as a substitute for your own life.
"18. TC 1, 18",šu-ma lá qá-qí-dí-kà i-na u4-mi-im ša tup-pá-am ta-ša-me-ú té-be-ma at-lá- ak,"Unless you are in mortal danger, set out and leave the very day you hear this letter."
"18. TC 1, 18",i-na u4-mi-im ša a-kà-ri-im dA-šùr ú-ša-lu-mu-kà-ma té-ru-bu i-na e-ra-bi4-kà-ma 40 ma-na KÙ.BABBAR a-na na-ru-qí-a,"The day divine Aššur brings you safely to the colony and you have entered, as soon as you have entered, you must send me 40 minas of silver for my joint-stock capital."
"18. TC 1, 18",šé-bi4-lam lu i-na ku-a-im lu ša na-ru-qí-a ma-li-ma šé-bi4-lam a-šù-mì-a maš-kà-tám 1 iš-té-et lá ta-ma-ga-ar,"Supplement either with some of your own or some from my joint-stock capital, and send it to me. Do not agree to a single deposit in my name."
"18. TC 1, 18",tup-pá-kà lu 2 ši-na: mi-iš-lam ša na-ru-qí-a lu-up-tám mi-iš-lam ša DAM.GÀR,"Let there be two tablets from you: book half as from my joint-stock capital, and book half as tamkāru-property."
"18. TC 1, 18",lu-up-tám ù I-li-a-lam5 tur4-dam ù mi-ša-al-ma a-wi-tí-šu ša-ni-um,"Then send Ilī-alum to me, but have someone else answer for half his consignment."
"18. TC 1, 18",li-wu KÙ.BABBAR qá-sú,He should personally keep the silver.
"18. TC 1, 18",lu-kà-il5 ša-du-a-tám a-na ša a-wi-šú e-wu-ú li-dí-in um-ma šu-ut-ma KÙ.BABBAR ša DAM.GÀR ši-ba-am,He should give the transport tariff to the one who answers for his consignment. He should then say: The silver belongs to a tamkārum.
"18. TC 1, 18",mì-ma a-hu-um a-na a-hi-im lá i-ša-kán a-pu-tum a-pu-tum i-hi-id-ma li-bi4 lá tù-lá-ma-an,"Colleagues need not set witnesses for each other. Please, please! take care not to make me angry!"
"18. TC 1, 18",šu-ma a-na Ha-hi-im ta-pá-lá-ah a-na Ur-šu-ma a-li-ik,"If you are afraid to Hahhum, then go to Uršu instead."
"18. TC 1, 18",a-pu-tum a-pu-tum we-dí-kà-ma,"Please, please! Go alone!"
"18. TC 1, 18",a-li-ik iš-tí ILLAT a-na Ma-ma lá té-ra-áb,Do not enter Mamma together with the caravan!
"18. TC 1, 18",ù ma-lá tí-ir-tí A-limki ILLAT-at a-hi-kà a-na šál-ší-šu li-pì-ir-sú-ma pá-ni-ú-um i-Ma-ma lu-ší-ma a-na-ma ma-at Kà-ni-iš ik-šù-du ša-ni-um i-na Ur-šu lu-ší,"Further, in accordance with the orders of the City assembly your brother's caravan must be divided into three parts, so that the first may leave Mamma, and as soon as it has reached the land of Kaneš, then the second will leave Uršu."
"18. TC 1, 18",ù ša-li-iš-tum kì-a-ma lu-ší,The third can then leave in the same way.
"18. TC 1, 18",a-pu-tum šu-ma ta-ra-a-ma-ni a-na a-wa-at tup-pì-im i-hi-id-ma li-bi4 lá tù-lá-ma-an,"Please, if you love me, pay heed to the words of the letter, and do not make me angry!"
"17. TC 1, 29",um-ma A-šùr-i-dí-ma a-na A-šur-na-da qí-bi-ma iš-tù: MU.4.ŠÈ: tù-ší lu-qú-tí a-dí-ni-ma-a,"From Aššur-idī to Aššur-nādā: You left four years ago, but so far, have my goods left?"
"17. TC 1, 29",la i-lik ší-ba-at lu-qú-tí a Ì-lí-a-lúm,Ilī-ālum has paid you in full for the interest on my goods.
"17. TC 1, 29",ù-íša-bi-kà a-na mì-nim ha-ra-nu-um: ma-la ù ší- ni-ší i-li-kà-ma KÙ.BABBAR,"Why is it that caravans have arrived at least twice, but you have not sent me any silver?"
"17. TC 1, 29",la tù-šé-bi-lam la li-bi DINGIR-ma a-hu-kà: KÙ.BABBAR-pì 30 ma-na: ú-hu-ta-li-iq,Against the will of the god your brother has caused the loss of some 30 minas of my silver.
"17. TC 1, 29",ki-ma-a: li-bi-im ta-dá-nim: a-ta KÙ.BABBAR,Instead of giving me encouragement you withhold the silver yourself!
"17. TC 1, 29",tù-kà-al: ma-a: le-qé-ma KÙ.BABBAR 30 ma-na šé-bi4-lá-ma um-ma a-ta-ma ú-ta-ni-iš 2 GÍN ṣa-ah-ra-tí ší-tí KÙ.BABBAR- pì-a za-ki-a-ma i-na pá-ni-ù-tí-ma šé-bi-lam-ma ší-ma-am la-aš-a-ma lu-šé-bi-lá- ku-ma li-bi-ta-am,"Indeed, get hold of some and send me at least 30 minas of silver, and if you say: I am out of funds— so, 2 shekels may be deducted for you. But clear the rest of my silver and send it with the very first transport, then I shall make purchases and send the to you, so they may be active for me."
"17. TC 1, 29",KÙ.BABBAR 1 GÍN lì-li-a-ma i-bi4-šà-i-a lu-ra-ib,"May every shekel of profit be realised for me, so I can make good my losses."
"17. TC 1, 29",šu-ma a-hi a-ta i-hi-id- ma KÙ.BABBAR šé-bi-lam KÙ.BABBAR,"If you are truly my brother, then take care to send me the silver."
"17. TC 1, 29",tù-šé-bi-la-nim-ma um-ma a-tù-nu-ma la i-ba- ri a-šu-mì tí-ir-tí-ku-nu AN.NA ba-at-qám áš-a-ma ù a-ma-kam ib-tí-ri,"When you sent me silver you said: It should not lie idle., Because of your orders I bought tin when it was in short supply, and in fact that has been lying idle there!"
"17. TC 1, 29",ù-ma-am AN.NA 16 GÍN. TA ù e-li-iš i-ba-ší,Today tin is available at the rate of 16:1 or even higher!
"17. TC 1, 29",i-ša qí-ip-tí-kà KÙ.BABBAR 30 ma-na šé-bi-lam-ma ší-ma-am la-áš-a-ma-kum,"Send me at least 30 minas of silver from what has been entrusted to you, then I shall buy goods for you."
"17. TC 1, 29",ší-a-ma-tum i-ba-ší,Purchases are available.
"17. TC 1, 29",a-ni-kà-sí-a šu-hu-ta,Pay on my behalf at the time of the account.
"17. TC 1, 29",mì-šu ša a-na lu-qú-tim ta-ù-ri-im ta-áš-pu- ra-ni,Why have you written to me about converting it into goods?
"17. TC 1, 29",a-a-nu-um KÙ.BABBAR e-ta-li-am 16 ma-na KÙ.BABBAR a-pu-hu Ì-lí-a-lim a-È A-limki,From where should the silver come to me? I have paid 16 minas of silver on behalf of Ilī-ālum to the City Hall.
"17. TC 1, 29",áš-qúl É Puzur4-A-na a-na e-pá-ší-šu ú ša-a-mì-šu 15 ma-na ag-mu-ur,"As to the house of Puzur-Anna, to make it and buy it cost me 15 minas."
auto::AKT_08_08::0001::9a662bef81,a-na I-dí-Ku-bi-im A-na-ah-i-lí ú Puzur2-A-šùr a-na A-na-ah-i- lí qí-bi-ma um-ma Ku-li-a-ma 1.33333 ma-na ù ší-ba-tí-šu KÙ.BABBAR. a-na A-bu-ša-lim DUMU En-na-Sú-in ha-bu-lá-tí-ma na-áš-pé-er-tum ša A-šùr-DÙG i-li-kam-ma a-na 1 ma-na KÙ.BABBAR. a-wa-at-kà i-gi5-mi-ir KÙ.BABBAR. šu-a-tí-i a-na-ku a-pu-ul a-ha-ma 0.33333 ma-na KÙ.BABBAR. ba-áb DINGIR a-na a-bi4-ni,"To Iddin-Kūbum, Anah-ilī, and Puzur-Aššur, especially to Anah-ilī, thus says Kuliya: You owe to Abu-šalim, son of Ennam-Suen, 1.33333 mina of silver plus its accumulated interest. A letter of Aššur-ṭab arrived here and for an amount of 1 mina of silver your affair has been settled. I myself have guaranteed that amount of silver. Moreover, you have assigned 0.33333 mina of silver to our father in the Gate of the god."
auto::AKT_08_08::0002::10b5c6f7aa,ta-dí-i iš-té-ni-iš ša 1.33333 ma-na KÙ.BABBAR. ṭup-pá-kà al-pu-ut na-áš-pé-er-tám ša ku-nu-ki- a ša 1 ma-na KÙ.BABBAR. tù-kà-a-al ú ša-ni-tám ša 0.33333 ma-na KÙ.BABBAR. tù-kà-a-al táq-bi4-a-am um-ma a-ta-ma a-li-ik- ma ṭup-pá-am ša ku-nu-uk A-šùr-DÙG li-qí-a-am ṭup-pá-am ša ku-nu-uk A-šùr-DÙG al-qé-a-ku ša a-bu-šu ú šu- ut a-na ku-a-tí ú me-er-i-e-kà lá i-tù-ru-ni a-hi a-ta 1.33333 ma-na KÙ.BABBAR. ku-nu-uk-ma a-na Puzur2-A-šùr pí-qí-id-ma lu-ub- lam,"I drew up your tablet for a total of 1.33333 mina of silver; you have in your possession a letter with my seal for 1 mina of silver and a second for 0.33333 mina of silver. You told me as follows: Go and obtain for me a tablet sealed by Aššur-ṭāb, and I obtained for you a tablet sealed by Aššur-ṭāb, stating that neither his father nor he himself will come back on you and your sons. Please, my brother, put 1.33333 mina of silver under seal and entrust it to Puzur-Aššur to bring it here."
auto::AKT_08_08::0003::07f477c036,ṭup-pá-am ša ku-nu-uk A-šùr-DÙG ú ṭup-pá-am ša 1.33333 ma-na KÙ.BABBAR ša ku-nu-ki-kà šu-up-ra-ma a-na ša ki-ma ku-a-tí lá-dí-in,Send me a message then I will give both the tablet sealed by Aššur-ṭāb and the one of 1.33333 mina of silver with your own seal to your representatives.
auto::AKT_08_08::0004::1ce1f2c393,ú ší-ta na-áš-pé-ra-tí-a ša ku-nu-ki-a ša tù-kà-lu lu-šé-ru-nim-ma li-mu-ta,"And then they should release to me the two letters of mine with my seal, which you have in possession, to cancel them."
auto::AKT_08_08::0005::2eb9572960,a-hi a-ta KÙ.BABBAR. iš-tù MU 2 ŠÈ ta-be-e-el ú su-ha-re-e-a,"My dear brother, it is now two years that that you keep this silver at your disposal."
auto::AKT_08_08::0006::c6d6332ef8,a-na šé-ri-kà áš-pu-ra-ma KÙ.BABBAR. ú-lá tù-šé-bi4-lam ú 6 GÍN KÙ.BABBAR. gám-ra-am,"Though I sent my servants to you, you did not send me the silver and they caused me expenses of six shekels of silver."
auto::AKT_08_08::0007::535e427b5c,iš-ku-nu-nim a-hi a-ta KÙ.BABBAR. šé-bi4-lam ú 6 GÍN KÙ.BABBAR. ga-ma-ar-šu a-na Puzur2-A-šùr dí-in,"Please, my brother, send the silver and give the 6 shekels of silver, the expenses he incurred, to Puzur-Aššur."
auto::AKT_08_08::0008::b9546d13a3,i-li-bi4-i-kà li-ib-ší ša gi5-mi-li,Realize what my favours to you mean!
auto::AKT_08_09::0001::8d32ef2981,a-na Ku-li-a qí-bi4-ma um-ma A-ba-ba-a-ma šál-ma-ni ṣu-hu-ur-kà šà-lim ni-šu-kà šál-mu,"To Kuliya, thus says Ababaya: We are well, your youngsters are wel and your people are well."
auto::AKT_08_09::0002::38b79b0a91,ki-ma ku-a-tí i-<gap> a-bi4-kà a-r <gap> a-wa-tí-kà <gap> i-sé-r <gap> ma-num <gap> li-dí-n <gap> ša ta-<gap> té-tap-ša-n <gap> n <gap> lá i-<gap> e tù-kà-<gap> iš-tù na-áš-pè-er-ta -ká1 lá ta-lá-kà-ni,Like Instead of you <gap> of your father <gap> your words <gap> on me <gap> Who could give me <gap> By what you <gap> you have treated me <gap> do not <gap> since no letter of yours arrives here.
auto::AKT_08_09::0003::0943e1d1a9,mi-nam ša ta-áš-ta-na- pá-ra-ni1 um-ma a-ta-ma šú-ba-tí ha-am-ša-at šé-bi4-li- im mi-nam ṣú-ha-ar-kà li-ku-ul mí-nam a-ší-tí-kà lá-áš-qú-ul šu-ma a-na a-bi4-kà lá uš-té-ri-id um-ma šu-ut- ma ú-ha-lá-qú-nu GA ša-ni-a-tù i-pì-šu ša-ak1-na me-er-a-at-kà iš-tí-a ta-al-ta-<gap> m wa-áš-ba-at <gap> ša É a-bi4-ni tim <gap> áb e ta-hi-ri- <gap> ta-áp-hi-ra-am a-dí-in-ma GUD aṭ-bu- ùh,"What is the purpose of constantly writing me as follows: Send me five textiles! What should your youngsters eat, what should I pay for your expenditures if I had not humbled myself for your father. He said: He is destroying you <gap> , he has evil intentions! Your daughter is keeps <gap> with me she lives <gap> of our paternal house <gap> I have sold the savings and slaughtered the ox."
auto::AKT_08_09::0004::f7a494df6a,ší-ru-um ša i-ri-hu ša-áp-lá-nu-um i-tab-ku 4 GÚ URUDU ag-mur <gap> KAM šú-ùh- lá i-mu-ut ur-kà,The meat which remained they have stored below. I have spent 4 talents of copper <gap> your youngsters have not died!
auto::KUG 27::0005::2d072305a3,ù iš-tí A-šur-SIPA ma-lá ta-ší-ta-ni 16 GÍN AN.NA,Also Aššur-rēi has been bound by contract 16:1 in tin for your remaining claim on him.
auto::KUG 27::0007::69ccb998b4,iš-tù ší-im URUDU ù 1 GÍN 15 ŠE KÙ.BABBAR ša i-na li-bi-šu tí-šu-ú ša-qí-lu 0.33333 m a 3 GÍN 22 0.5 ŠE KÙ.BABBAR,"After the price of the copper and 1 shekel 15 grains of silver, which he owed to you, had been paid, I paid as balance to Aššur-rēi 23 shekels 22 0.5 grains of silver."
auto::KUG 27::0012::697ad4ac67,2 UDU ša DUMU Pi-da-a 5 0.5 ma-na 1 UDU 1 0.83333 ma-na ša I-dí-lim 1 UDU 3 ma-na 1 UDU 2 0.33333 ma-na 5 GÍN 1 UDU 2 ma-na 10 GÍN ša A-šur-SIPA 1 UDU 2 0.33333 ma-na ša Zu-a 1 UDU 2 0.66666 ma-na ša Du-ni-a 1 UDU 3 0.33333 ma-na DUMU Du-ni-a-ma GAL,"2 sheep belonging to Pidayas son: 5 0.5 mina; 1 sheep worth 1 0.83333 mina belonging to Iddin-ilum; 1 sheep: 3 minas, 1 sheep 2 0.33333 minas 5 shekels; 1 sheep: 2 minas 10 shekels— belonging to Aššur-rēi; 1 sheep worth 2 0.33333 minas belonging to Zua; 1 sheep worth 2 0.66666 minas belonging to Dunnia; 1 sheep worth 3 0.33333 minas—the same Dunnias eldest son."
auto::KUG 27::0015::7c4951b001,1 <gap> GÍN iš-tù ša-du-a-at KÙ.BABBAR-pì-kà ša šé-ep Be-lí-a-lim ù DUMU ku-um-ri-im,I paid as compensation 1 <gap> shekels after the transport tariff on your silver transported by Bēlī-alum and the son of the priest.
auto::KUG 48::0008::526b182545,a-li-ki-im ṭur4-dam,<gap>
auto::letter55_RC1749_D::0003::198ac16fd4,Ì.GIŠ DÙG.GA kà-lá-šu-ma šà-ni- qá-ma ANŠE.HI.A ù šú-ha-ri mì-ma <a->šé-er Wa-aš-ha-ni-a-ma ṭur4-da-nim,"Check all of your first class oil, and as for the donkeys and the servants, send them all to Wašhania."
auto::letter49_LB_1231::0002::d1b10991e0,0.66666 ma-na mu-ṭá-e <gap> iš-tù AN.NA-ak qá-tim qám-ru 0.33333 ma-na 1 GÍN AN.NA ta-na-pá-al 2 ma-na KÙ.BABBAR ša Zu-zu ha-bu-lá-ku-ni 1 ma-na KÙ.BABBAR ša ta-ah-bu-lá-ni 5 GÍN KÙ.BABBAR šé-bu-ul-ta-kà 3 GÍN KÙ.BABBAR a-na um-mi-ni ù Pá-ru-<ur->tim ni-is-ha-sú DIRI ša-du-a-sú ša-bu-ú DUMU I-li-tú-ra-am na-aš-a-kum 1 0.33333 ma-na 5 GÍN KÙ.BABBAR En-um-Be-lúm DUMU Šu-Lá-ba-an <gap> šu-ma TÚG.HI.A lá-qá-am <gap> ša-ma-ma i-na <gap> šé-bi4-lam a-šu-mì ša <gap> áš-ta-na-pá-ra-ku-ni <gap> ú-lá <gap>,"0.66666 mina losses <gap> after the tin for expenses has been spent, you will have to compensate 0.33333 mina 1 shekel of tin, 2 minas of silver which Zuzu owes to you, 1 mina of silver which you borrowed from me, 5 shekels of silver, your dispatch, 3 shekels of silver for our mother and Parrurtum, its import duty added, its transport tariff paid, Ili-tūrams son brings that to you; Ennam-Bēlum son of Šū-Laban <gap> 1 0.33333 mina 5 shekels of silver; <gap> if he refuses to take the textiles <gap> buy. In <gap> send me. Concerning what <gap> I keep writing to you about, <gap> do not <gap>"
"auto::18. TC 1, 18::0001::8b57b9a5b5",um-ma A-šur-i-dì-ma a-na A-šur-na-da qí-bi-ma šú-bu-tim am-hu-ur-ma mi-ma ANŠE lá ú-wa-šé-ru-nim,"From Aššur-idī to Aššur-nāda: I have appealed to the elders, but they have not released any donkeys to me."
"auto::18. TC 1, 18::0013::e02ca5f847",ù ma-lá tí-ir-tí A-limki ILLAT-at a-hi-kà a-na šál-ší-šu li-pì-ir-sú-ma pá-ni-ú-um i-Ma-ma lu-ší-ma a-na-ma ma-at Kà-ni-iš ik-šù-du ša-ni-um i-na Ur-šu lu-ší,"Further, in accordance with the orders of the City assembly your brothers caravan must be divided into three parts, so that the first may leave Mamma, and as soon as it has reached the land of Kaneš, then the second will leave Uršu."
auto::45_CCT3_8b::0001::5fc14c4261,a-na A-šùr-i-dí qí-bi4- ma um-ma A-šùr-na-da-ma a-bi4 a-ta be-li a-ta-ma 1 ma-na KÙ.BABBAR ša Kur-ub- Ištar ub-lá-ku-ni ù mì-ma lu-qú-tim ša I-li-a-lúm ú-šé-bi4-lá-ku- ni i-na pá-ni-im-ma áb-kà-ma lu-qú-tum a-na ba-ra-im li-ik-šú- da-ma i-na ha-ra-nim lá-am-hu-ur-ší-ma a-na- kam li-šé-me-ma be-el qí-ip-tí-a ba-áb ha-ra-ni-a ša qá-ta- tim lá e-ri-ší-ma,"To Aššur-idī from Aššur-nādā: My dear father and lord, quickly dispatch the 1 mina of silver which Kurub-Ištar brought you plus whatever goods Ilī-ālum sent to you, so that the goods reach me to be available, and let me receive it en route so it will be heard here and the owner of the goods entrusted to me will not demand a guarantor when I am about to leave, and I shall not be put to shame."
auto::45_CCT3_8b::0002::fde135c4c2,lá a-ba-áš šu-ma lu-qú-tum lá uṣ-a-ma a-na-kam lá i-šé-me ma-nu-um ša a-na ma-li-šú KÙ.BABBAR qá-ta-tí-a il5-ta-pu- tù,"If the goods have not left so it will not be heard here, who then will let himself be noted as my guarantor for the silver in its entirety?"
auto::45_CCT3_8b::0003::c8297a8210,um-ma šu-nu-ma a-na šé-er a-bí-kà ta-lá- ak,They will say: Go to your father!
auto::45_CCT3_8b::0004::d1f790a23d,a-bu-um ki-i šu-mi-šú <gap> ma-num lu i-de8 da-am-qá-ni-ku-um a-ni KÙ.BABBAR ma-ah-ri-kà na-dí-ma a-na-ku a-na-kam TÚG.HI.A a-na qá-tí-kà ù qá-tí-a KÙ.BABBAR ú-ša-qal-ma ke-na šu-mì ki-tim áš-ta-na- kà <-na>-am ù da-tám ki-a-ma ú-ša-qal šu-ma ku-a-am lá <tù->šé-ba-lam5,"Who knows whether the father is good for his name? Things are fine for you, in fact, silver lies in front of you, while I here repeatedly have to pay silver for textiles on your account and my own, and, yes, I constantly establish a reputation for truthfulness; and in this way I am paying the fees."
auto::45_CCT3_8b::0005::17c418bb54,KÙ.BABBAR ša qí-ip-tí-a ù na-ak-ra-am ša A-šùr-ta-ak-lá- ku ú-šé-bi4-lá-ku-ni lu-qú-tám za-ki-a-ma áb-kà-ma a-na-kam li-šé-me-ma ba-áb ha-ra-ni-a be-el qí-ip-tí-a lá i-kà-le-e-ma lá a-ha- li-iq,"If you do not send some of your own, then with respect to the silver entrusted to me plus the belonging to outsiders that Aššur-taklāku sent to you— clear the goods and dispatch them so it will be heard here, and so that at my departure the owner of the goods entrusted to me will not hold me back and I shall not perish."
auto::letter58_VS26_20_aligned_CORRECTED::0001::212ea0fbe2,a-na A-lá-hi-im E-me-me ù Ši-ša-ah- šu-šar qí-bi-ma <um-ma A-šur-na-da-ma> 0.33333 ma-na 1 GÍN KÙ.BABBAR ku-nu-ki-a Puzur4-A-šur na-áš-a-ku-nu-tí,"To Alāhum, Ememe and Šišahšušar : Puzur-Aššur is on his way to you with 0.33333 mina 1 shekel of silver under my seal."
auto::letter58_VS26_20_aligned_CORRECTED::0002::0647452761,e-ší ù qá-nu-e tí-ša-a-ma ša GUD.HI. A ša-da-dim li-iš-du-du-nim ša a-ma-kam-ma ša ma-zi-re-e ma-lá-hi ù ha-ba- ša-tim ša-mì,"Buy fire-wood and reeds, and have the oxen haul as much of what is there as they can; Buy malahum and habašatum utensils for the maziru tin."
auto::letter58_VS26_20_aligned_CORRECTED::0003::842cc2a8f9,a-pu-tum mì-ma šu-mì-šu lu er-šú-ma i-na e-ra-bi4-a-ma,Please may everything be ready so I can move quickly as soon as I arrive.
auto::letter58_VS26_20_aligned_CORRECTED::0004::fb4ffd762f,lu-ra-tí-ib šu-ma TÚG.HI.A ša Šu-Šú-in ù i-a-tí iš-tù Ur-šu ub-lu-nim a-ma-kam-ma dí-na-ma ší-im-šu-nu zu-za,"If they brought the textiles belonging to Šū-Suen and myself from Uršu, then sell them there and divide the proceeds."
auto::letter58_VS26_20_aligned_CORRECTED::0005::d8802c87fb,a-ni-um a-na-kam i-ta-an-ki-iš,This one was set aside here.
auto::letter58_VS26_20_aligned_CORRECTED::0006::817731b736,šu-ma Ku-tù-bi4-iš KÙ.BABBAR mì-ma e-ri-iš dí-na-šu-um,If Kutubiš asks for any silver then give him some.
auto::letter59_CCT3_9_aligned_CORRECTED::0001::cb31aa942a,a-na A-lá-hi-im E-me-me ù A-šùr-ta-ak-lá-ku qí-bi-ma um-ma A-šùr-na-<da->-ma iš-tù 11 0.33333 ma-na 5 GÍN KÙ.BABBAR qá-tí 7.33333 ma-na qá-tí a-bi4-ni za-am-ru 18 ku-ta-ni 5 TÚG šu-ru-tum É kà-ri-im na-ad-a-ku-ma lá za-am-ru 10 ku-ta-ni ù 4 TÚG šu-ru-tim É wa-áb- ri-ni e-zi-ib ŠÀ.BA 4 ku-ta-ni i-qá-tí <gap> Ú-ṣú-ur-ša-A-šur i-na-dí- ú-ma KÙ.BABBAR a-qá-tim ša a-bi4-ni i-tá-hi kà-ru-um i-dí-na-šu,"To Alāhum, Ememe and Aššur-taklāku from Aššur-nādā: After my account and our fathers account had been recorded at 11.33333 minas 5 shekels and 7.33333 minas respectively, I have been booked for 18 kutānu-textiles and 5 black textiles in the colony office, but these were not recorded. 10 kutānu- textiles and 4 black textiles I left in our guest-house. Thereof they will deposit 4 kutānu-textiles on Uṣur-ša-Aššurs account, but the silver will be transferred to our fathers account. The colony has given it to me."
auto::letter59_CCT3_9_aligned_CORRECTED::0002::8908fffe17,i-dí lá i-dí ù KÙ.BABBAR ma-lá qá-tí a-bi4-ni ù1 qá-tí za-am-ru tí-ir-ta- ak-nu li-li-kam 2.5 ma-na KÙ.BABBAR qá-dum GUŠKIN <gap> hu Dan-A-šur <gap> um1 40 ma-na URUDU É wa-áb-ri-ni e-zi- ib,Send me word telling me whether or not he has deposited anything and how much silver has been recorded for our fathers account and mine. 2.5 minas of silver together with the gold <gap> Dān-Aššur <gap> 40 minas of copper I left in our guest-house.
auto::letter59_CCT3_9_aligned_CORRECTED::0003::6a92e67c1c,<gap> URUDU <gap> GÍN 15 0.5 ŠE KÙ.BABBAR <gap>-ší 2 ma-na KÙ.BABBAR ṣa-ru-pá-am qá-tí ù1 qá-tí a-bi4-ni a-dí-ma ù1 28.66666 ma-na 7.5 GÍN KB1 ša ILLAT-at Pu-šu-ki-in 30 ma-na TA SÍG.HI.A,"<gap> copper <gap> shekels 15.5 grains of silver <gap> I deposited 2 minas of refined silver on my account and on our fathers account, so that 28.66666 minas 7.5 shekels of silver is from Pūšu-kēns enterprise: at 30 minas wool."
auto::letter59_CCT3_9_aligned_CORRECTED::0004::897b7d7955,a-na 1 ma-na-im ša 3 TÚG.HI.A ša Ur-šu ša šé-pì-a ta1-áš-pu-ra-am um-ma a-ta-ma KÙ.BABBAR a-ší-ib- tim i-lá-ak 2 TÚG a-bar- ni-ú ša1 Šu-Šú-in ù i-a-tí šu-ma ub-lu-nim dí-na-ma mì-liš-lá zu-za,"As to the 1 mina for three textiles from Uršu transported by me, you have written, saying: The silver draws interest. If they have brought the 2 abarniu-textiles belonging to Šū-Suen and myself then sell them and divide in two."
auto::letter59_CCT3_9_aligned_CORRECTED::0005::71649c904a,0.66666 ma-na 5.16666 GÍN KI Ha-lu-li 0.5 ma-na KI A-zu 1.5 ma-na 7.5 GÍN KI Tù-tù-li,0.66666 mina 5.16666 shekels is owed by Haluli. 0.5 mina is owed by Azu. 1.5 mina 7.5 shekels is owed by Tutuli.
auto::letter59_CCT3_9_aligned_CORRECTED::0006::cdc0a8f53b,i-mì-ma a-nim 2.5 ma-na KÙ.BABBAR ù1 ṣí-ba-tí-šu ša A-zu ša-bi4-a 20 <gap> ni-ga-li ù 2 ma-na <gap> 1 ma1-na a-na ú-ṭí-tim { <gap> } ša-di-na,Have paid in full out of all this 2.5 minas of silver plus interest belonging to Azu. 20 <gap> sickles plus 2 minas <gap> Have paid 1 mina for grain.
auto::62_BIN4_52::0001::90bd73c899,a-na A-lá-hi-im ù A-šùr-ta-ak-lá-ku qí-bi-ma um-ma A-šùr-na- da<š<-ma>> KÙ.BABBAR ù GUSKIN ma-lá iš-tù Dur4-hu-mì-it ú-šé-bu-lu-ku-nu-tí- ni a-na ša qí-ip-tí-a šu-uk-na-ma šu-ma Ì-lí-a-lum sù-ri ma-gir a-ša-me-ma I-dí-Sú-en pá-ni-ni,"To Alāhum and Aššur-taklāku from Aššur-nādā: Whatever silver and gold they will send to you from Durhumit, add that to what on goods entrusted to me, and if Ili-ālum , then certainly it is agreed. I hear that Iddin-Suen wishes to meet us."
auto::62_BIN4_52::0002::cb98b4356b,i-šé-e a-ma-sú i-na Kà-ni-iš le-zi-ib-ma šu-a-tí a-na A-limki tù-ru-šu-ma a-na ba-ra-im a-na Kà-ni-iš li-ik-šu- dam,"Let him leave his maid in Kaneš and send himself to the City, and let him reach me to be available in Kaneš."
auto::62_BIN4_52::0003::902c8fdf63,šu-ma A-lá-hu-um lá-šu ša ki-ma šu-a-tí a-šé-bu-tim šu-ku-ma KÙ.BABBAR ša ba-ri-ni a-na šu-mi ki-lá-li-ni eq-lam le-tí-iq,"If Alāhum is not there, then let his representatives act as witnesses, and let our jointly owned silver pass overland in the name of us both."
auto::62_BIN4_52::0004::dcd65bc2be,10 ma-na KÙ.BABBAR ša-ru-pá- am Ha-na-nu-um DUMU I-ku-pí-a DUMU I-ku- a ša ba-ri-ni na-ší,"Hannānum son of Ikuppiya, grandson of Ikua, is on his way with 10 minas of refined silver that belongs to us both."
auto::62_BIN4_52::0005::9fc149ca60,ni-is-ha-sú ù ša-du-a-sú i-na KÙ.BABBAR-pi-a lu ì-ší-tim1 TÚG.HI-tí-a i-dí-ma a-ba-ri-ni li-li-iṭ šú-ha-ri ša e-li-ú-ni-ni KI Ṣà-he-ri<-lí> a-bu-uk,"Deposit its import duty and its transport tariff from my silver or from the price of my textiles, and let the amount go for us both. Dispatch the servants who have arrived with Saher-ilī."
auto::letter63_KTS1_12_aligned_CORRECTED::0001::36f350bdfe,a-na A-lá-hi-im Šu-A-šùr Zu-ba ù Ì-lí-a-lim qí-bi-ma um-ma A-šùr-na-da-ma 3 ma-na KÙ.BABBAR ša Ša-lá-ah-šu-a ùh-ta-bi-lá-ma Ha-lu-li me-eh-ra-tim i-dí-nam,"To Alāhum, Šu-Aššur, Zuba and Ilī-ālum from Aššur-nādā: Haluli became indebted to me for 3 minas of silver from Šalahšua, but he has given me a corresponding amount."
auto::letter63_KTS1_12_aligned_CORRECTED::0002::a74396544d,i-na a-wa-tí-ni 6 ku-ta-ni ú-šé-ba-al-šu-ma a-wi-lu-um i-a-tí i-za-za-am,"According to our agreement I shall send him 6 kutānu-textiles, and the man will then stand in my stead."
auto::letter63_KTS1_12_aligned_CORRECTED::0003::3cc47d3100,6 TÚG ku-ta-ni I-ku-pí-a na-áš-a-ku-nu-tí a-wi-lám ša-hi-ta-ma TÚG-ba-tí-šu li-il5-qé-ma ší-ib-tám ša ša-tim a-ni-tim a-na É bé-tí-ni lu-šé-ri-ib,"Ikuppia is on his way to you with the 6 kutānu-textiles. Clear the man, so he takes his textiles and enters the interest accrued for this year into our house."
auto::letter63_KTS1_12_aligned_CORRECTED::0004::08678fa65c,li-bi lá ú-lá-ma-an,He must not make me angry.
auto::letter63_KTS1_12_aligned_CORRECTED::0005::e70cc700d2,šu-ma ší-ib-tám ša ša-tim a-ni-tim ta-da-nam la i-mu-a TÚG.HI.A la ta-da-na-šu-um,"If he refuses to give the interest for this year, then do not give him any textiles."
auto::letter63_KTS1_12_aligned_CORRECTED::0006::aa4700f87e,Šu-A-šùr ša pá-šu a-na KÙ.BABBAR i-dí-na-ni mì-šu-um KÙ.BABBAR lá ú-šé-bi-lam a-na Ni-ih-ri-a a-na pá-ni-a šé-bi-lá-nim,"As to Šu-Aššur who gave me his word with regard to the silver, why has he not sent me the silver? Send it to me in Nihria."
auto::letter63_KTS1_12_aligned_CORRECTED::0007::17a7f8fefe,ša 10 GÍN KÙ.BABBAR šà-he-er-tám lu sí-pá-ra-tum lu tù-dí-na-tum lu 6 ma-na KÙ.BABBAR lu 5 ma-na KÙ.BABBAR a-na pá-ni-a šé-bi-lá-nim,"Send me small goods worth 10 shekels of silver, either bronze pins or fibulae, either 5 or 6 minas of silver."
auto::letter63_KTS1_12_aligned_CORRECTED::0008::54c43e34d5,šu-ma i-na ba-áb-tí-a mì-ma lá ta-al-qé-a KÙ.BABBAR a-hu- um lu-šé-bi-lam-ma ú-ul ší-ib-tám ki-ma a-hu-um a-na a-hi-im i-du-nu lá-dí-in ú-ul bé-ú-lá-tim lu ha-bu-lá-ku-šu-um šu-ma,"If you have not received anything yet from my outstanding claims, then let a colleague send me the silver; let me then either pay interest as one colleague pays to another, or let me become indebted to him with a working capital."
auto::letter63_KTS1_12_aligned_CORRECTED::0009::bcdb0e913c,A-šur-ta-ak-TA.AK<-la>-ku wa-ša-áb 2 TÚG.HI.A ù TÚG.HI ša ba-<áb->tí-a lu-šé-bi-lam šu-ma lá-šu a-šar li-bu-šu šu-up-ra-šu-um tí-ib-nam ú e-ší ša KÙ.BABBAR 0.33333 ma-na e-li-iš ša-ma-nim,"If Aššur-taklāku is there, then have him send 2 textiles plus the textiles from my outstanding claims. If he is not there, then write to him where wishes. Buy me reeds and firewood for some 0.33333 mina of silver or more."
auto::letter63_KTS1_12_aligned_CORRECTED::0010::d7e25d8f8e,ṣú-ha-ri na-hi-da-ma ba-a-ba-tim lu-lá-pí-it a-dí a-lá-kà-ni,Instruct my servant to write down the outstanding claims until I arrive.
auto::letter64_BIN4_51_aligned_CORRECTED::0001::a1ae7329c5,um-ma A-šùr-na-da ù Ì-lí-a-lúm-ma a-na A-šùr-ta-ak-lá-ku qí-bi-ma 18 TÚG ku-ta-nu 15 TÚG ša A-ki-dí-e 1 ANŠE ṣa-lá-mu- ur 9.33333 ma-na 9 GÍN AN.NA ša ik-ri-be-ni 34.66666 ma-na AN.NA ša ik- ri-be ša A-ha-a tù-bi4-il5,"From Aššur-nādā and Ilī-ālum to Aššur-taklāku: You brought 18 kutānu-textiles, 15 Akkadian textiles, 1 black donkey, 9.33333 minas 9 shekels of tin from our votive offerings, 34.66666 minas of tin from the votive offerings of Ahaya."
auto::letter64_BIN4_51_aligned_CORRECTED::0002::06ec9e1b31,ŠÀ.BA 7 GÚ URUDU ù 1 ANŠE tù-šé-bi4-lam 17 GÍN KÙ.BABBAR a-na ik-ri-be a-dí ši-tí lu-qú-tim za-ki-a- ma i-na pá-ni-ú-tim-ma šé-bi4-lam,Specification: you sent me 7 talents of copper and 1 donkey; I laid down 17 shekels of silver for the votive offerings. Clear the remainder of the merchandise and send it as soon as possible.
auto::letter64_BIN4_51_aligned_CORRECTED::0003::a15962fd86,gám-ra-am ù ta-ší-a-tim a-ha-am a-na a-hi-im lá ta-kà- ba-as,As for expenses and the cost of transportation you should not charge one colleague more than another.
auto::letter64_BIN4_51_aligned_CORRECTED::0004::efbcf08e55,50 LÁ 1 TÚG šu-ru-tum 53 ma-na 1 GÍN AN.NA 1 ma-na KÙ.BABBAR ší-im 2 ANŠE ša a-bi4-ni al-qé-ma i-na ší-im ANŠE.HI.A ša Ša-lim- be-lí ir-dí-a-ku-ni ba-lu-ṭá-ku-ma 10 GÍN KÙ.BABBAR ta-na-pá-lam5,"I have received 49 black textiles, 53 minas 1 shekel of tin, 1 mina of silver, the price of the 2 donkeys belonging to our father, and I have been credited with the price of the donkeys that Šalim-bēlī conducted to you, so pay me the balance: 10 shekels of silver."
auto::letter64_BIN4_51_aligned_CORRECTED::0005::9f82d6f827,3 ANŠE ṣa-lá-mu ša i-na šé-pì-kà ta-ar-de8-ú 1 GÚ AN.NA ku-nu-ku ša a-na A-lá-hi-im lá áp-tù 2 TÚG šu-ru-in ša a-ni-kà-sí té-zi-ba-ni lá a-tí-di-i i-na i-a-ú-tim le-qé,"The 3 black donkeys that you personally conducted, 1 talent of tin under seal that was booked for Alāhum, the 2 black textiles you left me for the account—that I have not deposited; take it out of my things!"
auto::letter64_BIN4_51_aligned_CORRECTED::0006::d0f6ea5dc2,mì-ma a-nim ša a-bi-ni,—All this belongs to our father.
auto::letter64_BIN4_51_aligned_CORRECTED::0007::3243b8b0ec,1 TÚG ku-ta-num ša um-mi-ni na-aš-a-tí,You bring 1 kutānu-textile belonging to our mother.
auto::letter64_BIN4_51_aligned_CORRECTED::0008::840ca76b15,ší-im 3 ANŠE.HI.A DINGIR-na-da iš-qú-ul-ma a-na a-bi4-ni,"Ili-nāda has paid the price of 3 donkeys, and I am bringing that to our father."
auto::letter64_BIN4_51_aligned_CORRECTED::0009::9f7e399180,na-aš-a-ku 9 TÚG ku-ta-nu ša Ì-lí- a-lim ŠÀ.BA 1 TÚG.TA I-dí-Ištar a-na Ì-lí-a-lim i-za-az,"As to the 9 textiles belonging to Ilī-ālum, Iddin-Ištar guarantees for each textile to Ilī-ālum."
auto::letter64_BIN4_51_aligned_CORRECTED::0010::685c23c9fd,15 TÚG šu-ru-tum 12 ma-na 8 GÍN AN.NA 8 TÚG ša A-ki-dí-e 1 ANŠE ṣa-lá-mu-um ša Ì-lí-a-lim 8 TÚG tí-sà-pu 3.5 TÚG ša-pí-ú-tum SIG5 10 GÍN KÙ.BABBAR ša ta-LÁ-pá-lá- ni i-a-ú-tum mì-ma a-nim na-aš-a-tí a-pu-tum URUDU- šu 1 GÍN.TA ù 2 GÍN.TA ku-bu-us-ma KÙ.BABBAR 10 ma-na TA na-ší-ra-am,"15 black textiles, 12 minas 8 shekels of tin, 8 Akkadian textiles, 1 black donkey belonging to Ilī-ālum, 8 tišāpu textiles, 3.5 thick textiles of good quality, the 10 shekels of silver you will balance with me —all this, my property, you are bringing. Please, press him for one or two shekels per mina on his copper and set aside for me at least 10 minas of silver."
auto::letter64_BIN4_51_aligned_CORRECTED::0011::ff786ff090,ù a-ta qá-qá-ad-kà šu-ul-ha-am,But you yourself must back off!
auto::letter64_BIN4_51_aligned_CORRECTED::0012::6c7be13189,sí-kà-tum a-na šu-mì lá ša-ha-ri- kà AN.NA ú-lá uš-té-bi4-lá-kum,It is the sikkātum. In order not to delay you I have not sent you the tin.
auto::letter65_CCT4_34b_aligned_CORRECTED::0001::9afec9e96c,um-ma A-šùr-na-da<-ma> a-na Zu-ba <gap>-<gap> 1 ù Ú-ṣú-ur-ša- A-šur qí-bi4-ma a-na ni-kà-ší-a šu-ùh-ta,"From Aššur-nādā to Zuba, <gap> and Uṣur-ša-Aššur: Pay on my behalf at the time of the accounting."
auto::letter65_CCT4_34b_aligned_CORRECTED::0002::ee966eb8a8,da-tum ma-lá ik-šù-du ù ma-lá ta-az-me-ra-ni tí-ir-ta-ak-nu li-li-kam,"Send me word about how much the fees amounted to, and how much you recorded."
auto::letter65_CCT4_34b_aligned_CORRECTED::0003::babb31dcdb,51 TÚG ku-ta-nu i-na sà-e-tim ša En-be-li na-du,5 kutānu-textiles have been placed in Ennam-Belīs sautum.
auto::letter65_CCT4_34b_aligned_CORRECTED::0004::ce817c731a,ta-ah-ší-is-tám am-ra-ma a-na šé- er ša ni-kà-ší-a,Check the memorandum and add them on top of those on my account.
auto::letter65_CCT4_34b_aligned_CORRECTED::0005::03e2fbafa9,tí-ih-a šu-ma KÙ.BABBAR Ì-lí-A-num mi-ma ú-šé-bi4-lam KÙ.BABBAR ù tup-pì-šu šu-ba-al- ki-ta-ma šé-bi4-lá-nim,"If Ili-Anum has sent any silver, then do ship and send me the silver and his tablets."
auto::letter65_CCT4_34b_aligned_CORRECTED::0006::3e78693a8b,ši-im 1 TÚG a-bar-ni-im KI DAM.GÀR <gap> 1 ITÚG1 <gap> ma-<gap>,The proceeds from 1 abarniu-textile is owed by a merchant <gap> 1 textile <gap>
auto::letter66_ATHE37_aligned_CORRECTED::0001::0ef953b49a,um-ma A-šùr-na-da-ma a-na Ì-lí-a-lim qí-bi-ma lá lí-bi i-li-ma mi-qí-tum im-qú-ta-ma a-na Ur-šu iš-ta-áp-ru-ni,"From Aššur-nādā to Ilī-ālum: Against the will of the god misfortune has fallen upon me, as they have just written to me in Uršu."
auto::letter66_ATHE37_aligned_CORRECTED::0002::3652517914,a-hi a-ta a-šar ša-li-um i-šé-er É a-bi4- ni lá i-ša-lu-ú e-pu-uš,"My dear brother, act in such a way that no evildoer may do harm to our fathers house!"
auto::letter66_ATHE37_aligned_CORRECTED::0003::d4e11654cd,a-na ú-um e-ṭá-ri-im 9 GÚ 20 ma-na URUDU-i ša a-DAM.GÀR A-šùr-ta-ak-lá-ku i-qí-pu1 8 GÚ 40 LÁ 0.66666 ma-na e-zi1-ib ša-du-e-tim ša1 a-ta ta-áš-a-ma-ni ŠÀ1.BA 5 GÚ URUDU a-na Bu-ru- uš-ha-dim tù-šé-bi4-il5-ma ší-im-šu al-qé 1 GÚ 18 ma-na URUDU SIG5 ša-bu-ru-um ší-im 3 ANŠE.HI.A ša DAM.GÀR ta-qí-pu ŠÀ.BA 10 ma-na ku-a-um 25 ma-na SIG5 ší-im1 ANŠE i-li-bi4-a,"While I may still be saved— 9 talents 20 minas of my copper that Aššur-taklāku has given on commission to an agent, 8 talents 40 minas less 0.66666 mina apart from the transport tariff, which you have bought for me— out of which you sent 5 talents to Burushaddum, and whose proceeds I have already received— 1 talent 18 minas of good broken copper, proceeds from the sale of 3 donkeys, which you gave in commission to an agent, of that 10 minas belong to you, 25 minas of good , proceeds from the sale of a donkey, owed by me."
auto::letter66_ATHE37_aligned_CORRECTED::0004::3948b336ab,me-eh-ru ša šé-ep <gap> Ša-lim-be- li pá-ni-tim lá-šu ṭup-pá-am ša tí-ir-tí-a,The copies concerning Šalim-belīs earlier caravan are not here; guard the tablet with my instructions!
auto::letter66_ATHE37_aligned_CORRECTED::0005::3d04ce453a,ša-ší-ir 45 ku-ta-nu 25 ma-na AN.NA ku-nu-ku e-RI-ib ša a-na qá-tí-šu a-dí-nu i-na pá-ni-tim Ša-li-be-li ub-lá-kum,"45 kutānu-textiles 25 minas of sealed tin, apart from what I gave to him for expenses, Šalim-belī brought to you earlier."
auto::letter66_ATHE37_aligned_CORRECTED::0006::02d34fa4cb,72 TÚG ku-ta-nu ŠÀ.BA 2 TÚG a-bar-ni-ú 4 ANŠE ṣa-lá-mu ú ú-nu-sú-nu 1 ma-na AN.NA ša 2.66666 GÍN 15 ŠE KÙ.BABBAR sà-he-er-tum i-šé-pì-kà,"72 kutānu-textiles, 2 of those abarniu-textiles, 4 black donkeys plus their harness, 1 mina of tin worth 2.66666 shekels 15 grains of silver of small goods you carried personally."
auto::letter66_ATHE37_aligned_CORRECTED::0007::0e00708b4b,tù-bi4-il5 4 TÚG ku-ta-nu KI Kur-ub-Ištar ú-mu,4 kutānu-textiles are owed by Kurub-Ištar.
auto::letter66_ATHE37_aligned_CORRECTED::0008::f5b77032df,DAM.GÀR 7 ITI.KAM e-ta-at<-qú>,The terms for the agent are overdue by 7 months.
auto::letter66_ATHE37_aligned_CORRECTED::0009::b585a71d4c,a-hi a-ta KÙ.BABBAR ma-lá a-qá-tí-kà i-ma-qú-tù a-na ṣé- er Ú-ṣú-ur-ša-A-šùr šé-bi4-lá-ma lu-ša-ak-ší-dá-ni-ma lá a-ba-áš a-na u4-um ga-ma-li-im 8 GÍN KÙ.BABBAR ú-ku-ul-tí 2 ANŠE 1 GÍN a-na ša bi4-lá-tí-kà a-dí-in,"My dear brother, send as much silver as falls into your hands to Uṣur-ša-Aššur, so he may let it reach me and I shall not be put to shame. While I could still oblige you I gave 8 shekels of silver for the fodder of 2 donkeys and 1 shekel for your porters."
auto::letter66_ATHE37_aligned_CORRECTED::0010::3763200217,2 GÍN a-na qá-tí A-šùr-UTU-ši IGI Šu-Sú-in DUMU I-tur4-DINGIR a-na 0.5 ma-na TA 1 TÚG ú-ra-ki-sú1 IGI A-šùr-DÙG IGI A-šùr-dan,"2 shekels were for the share of Aššur-šamšī, witnessed by Šū-Suen the son of Itūr-ili. I bound him by contract to pay 0.5 mina per textile, witnessed by Aššur-tāb and Aššur-dān."
auto::letter67_CCT3_10_aligned_CORRECTED::0001::f1a12389cb,um-ma A-šùr-be-el-a-wa- tim Šu-A-šur ù A-šur-na- da-ma a-na I-dí-Sú-in Am-ri-a LUGAL-dEN.ZU A-šur-SIPA Puzur4-Sú-in ù Puzur4-A-na qí-bi-ma iš-tí A-šur-SIPA a-na-kam A-šur-be-el-ma-al-ki-im ni-kà-sí i-ší-ma 45 ma-na AN.NA ku-nu-ki ša dIM-ILLAT-at ù A-šur-ba-ni i-na ša-ni-tim šu-uq-lim ku-nu-ki ša A-lim li-dí-a-ku-nu-tí-ma 34 ma-na 15 GÍN AN.NA šu-té-bi-lá-ma le-qé-a,"From Aššur-bēl-awātim, Šū-Aššur and Aššur-nādā to Iddin-Suen, Amria, Šar-Suen, Aššur-rēi, Puzur-Suen and Puzur-Anna: Aššur-bēl-malkim has here settled accounts with Aššur-rēi, and he must deposit for you 45 minas of tin sealed by Adad-ellat and Aššur-bāni from the second package that bears the seal of the City; then you must have brought 34 minas 15 shekels of tin and take it."
auto::letter67_CCT3_10_aligned_CORRECTED::0002::e9df131aaa,15 ma-na 15 GÍN AN.NA a-ha-ma za-ku-a-am li-dí-na-ku-nu-tí,"Furthermore, he shall give you 15 minas 15 shekels of tin, cleared."
auto::letter67_CCT3_10_aligned_CORRECTED::0003::07f197f064,ŠUNIGIN 1 GÚ 34 ma-na AN.NA ù 2 TÚG šu-ra-an A-šur-SIPA li-dí-na-ku-nu-tí- ma ba-tí-iq ù DIRI dí-na-ma KÙ.BABBAR ku-nu-kà-ma a-na a-li-ki-im pá-ni-e-ma pi-iq-da-ma lu-ub-lam,"In all: Aššur-rēi shall give you 1 talent 34 minas of tin and, 2 black textiles and you should sell that at whatever price, seal the silver, entrust it to the very first traveler who can bring it."
auto::letter67_CCT3_10_aligned_CORRECTED::0004::b3a799c810,A-šur-be-el-ma-al-ki-im ṭur4-da-nim a-na,Send Aššur-bēl-malkim.
auto::letter67_CCT3_10_aligned_CORRECTED::0005::9409e54d2c,I-dí-Sú-in qí-bi-ma ma-lá a-na-kam pá-kà ta-dí-nu-ni-a-tí-ni šu-ma a-hu-ni a-ta iš-tí a-hi-im ù ib-ri-im KÙ.BABBAR a-na bé-a-lim a-na A-šur-be-el-ma-al-ki-im e-ri-iš-ma KÙ a-na šé-ri-ni ku-nu-uk ma šé-bi-lá-ma a-na-kam bu-la-tí-šu lu nu-ta- er-šu-ma,"To Iddin-Suen: As you gave us your word here, and if you are truly our brother, ask for silver for a working-capital from colleague and friend for Aššur-bēl-malkim, send us the silver under seal and let us here turn over his working-capital to him and send him to the City."
auto::letter67_CCT3_10_aligned_CORRECTED::0006::1a59ba6679,a-na A-lim lu ni-it-ru-sú šu-ma a-na be-a-lim lá té-ri-šum bu-lá-tí-šu lá-šu1,"If you do not ask for anything for him to dispose over, there will be no working-capital for him."
auto::letter68_ATHE36_aligned_CORRECTED::0001::5fa4e60dbe,a-na A-ba-a-a qí-bi-ma um-ma A-šùr-na-da-ma a-ma-lá na-aš-pé-er-tim ša áš-pu-ra-ki-ni a-na-kam I-na-a a-šùr-mì-ki ù a-na šu-mì É a-bi-ni tám-kà-re e-ta-wu a-šu-mì,To Abaya from Aššur-nādā: In accordance with the message I sent to you Innaya has here discussed with the tamkāru on behalf of you and of your paternal house.
auto::letter68_ATHE36_aligned_CORRECTED::0002::c62726d9bd,Ku-ra Ìl-i-bu-šu im-ta-ra-as um-ma šu-ut-ma šu-ma lá i-pí-ša ša-hu-uz šu-nu i-na A-lim a-li-ki ul-ta-na-mu ù a-ni-um a-ma-kam KÙ.BABBAR ú-ṣa-ba-at-ma pu-ru-i iš-ta-na-kán <gap>,"He became unhappy because of Kura, and said: If he is not given instructions directly from her, these people will put continuous pressure on the travelers in the City, and then this one will seize lots of silver there and constantly cause my reputation harm."
auto::letter68_ATHE36_aligned_CORRECTED::0003::ddc06130d2,<gap> 3 guš-šu-re e-ṣí <gap> ša É be-tí-ku-nu lá-ma a-na Kà-ni-iš a-li-kà-ni Ku-ra a-ši-mi-im i-dí-in,"As for the <gap> 3 wooden beams of your house, Kura had sold them before I arrived at Kanesh."
auto::letter68_ATHE36_aligned_CORRECTED::0004::c0e4e1f103,a-ma-kam-ma a-ta-wu-ku-nu um-ma a-na-ku-ma É be-tum A-na-ah-Ištar e-ṣú-ma gám-ru a-tù-nu <gap>-nu,"I discussed that with you in that very place, saying: The house of Anah-Ištar is almost finished, and it is you who should <gap>"
auto::letter69_ATHE35_aligned_CORRECTED::0001::399cb6a65c,a-na Šu-Ku-bi-im ù A-šùr-pí-lá-ah <gap> a-na Šu-Ku-bi-im qí-bi-ma um-ma A-šùr-na-da-ma KÙ.BABBAR ša a-na tap-hi-ri-im ša Šar-ma-té-en a-bu-ni i-hi-ib-lu1 a-na-kam iṣ-bu-tù-ni-ma um-ma šu-nu-ma KÙ.BABBAR hu-bu-ul a-bi-kà šu-qúl um-ma a-na-ku-ma KÙ.BABBAR tal-ta-qé-a-ma KÙ.BABBAR e-ṣú-ma a-hu-ur ta-ah-ší-sà-tum ša a-bi-a i-ba-ší-a um-ma šu-nu1-ma ta-ah-ší-sà-tim ša a-bi-kà šé-ṣi-a-ma lu né-mu-ur iš-tí-in ša ki-ma ku-a-tí ù iš-tí-a a-hi-a-am iš-tí-a e-ru-bu-ma ṭup-pí ni-ip-té-ma ta-ah-ší-sà-tim nu-šé-li-ma ú-kà-li-im-ší-na ú-sà-li-šu-nu-tí <gap> -im ni-qé-e <gap> ú ša <gap> ta-ah-ší-sà-tim nu-šé-li-ma me-eh-ri ša {ṭup1}-pé ša ba-áb DINGIR-lim ša tup-pí-im ni-a-im <gap> { <gap> } i-na me-eh-ri-im ša tup-pí-im ha-ar-mì-im ša ba-áb DINGIR-lim ša e-li-a-ni ša <gap> ma-na 5 GÍN KÙ.BABBAR ša hu-bu-ul A-lá-hi-im A-mur-Ištar a-na A-šùr-SIPA,"To Šū-Kūbum and Aššur-pilah; to Šū-Kūbum from Aššur-nādā: with regard to the silver with which our father has become indebted to the fund of divine Šar-mātēn, they seized me here and said: Pay the silver, your fathers debt. I answered: You have received silver repeatedly, so little silver is left . There are memoranda of my fathers available. They said: Produce your fathers memoranda and let us see. One person representing you and one stranger entered together with me and we opened for the tablets and took out the memoranda and I showed them; I pleaded with them <gap> sacrifices <gap> and <gap> we took out the memoranda and copies of the tablets from the Gate of the God— concerning our own tablet <gap> in the copy of the certified tablet of the Gate of the God which may appear, concerning <gap> mina 5 shekels of silver from Alāhums debt— Amur-Ištar paid to Aššur-rēi."
auto::letter69_ATHE35_aligned_CORRECTED::0002::c231ef5c01,iš-qúl um-ma A-šùr-SIPA-ma a-na A-mur-Ištar-ma 1 ma-na-kà ma-ṭí-i 1 ma-na-ú-šu ik-ta-ma 1.5 GÍN KÙ.BABBAR i-dí-šu-um IGI Li-ba-a DUMU Ú-zu-a IGI En-na-nim sà-bi-e-em Na-áb-Sú-in DUMU AB-ba-ni tap-pá-i-ni a-na a-wa-tim a-ni-a-tim1 kà-ru-um Kà-ni-iš i-dí-ni-a-tí-ma,"Aššur-rēi said as follows to Amur-Ištar: Your one-mina weight is too light. His one-mina weight was checked and he then paid him 1.5 shekel of silver. Witnessed by Libbaya son of Uzua, by Ennāmum, the inn-keeper; Nab-Suen son of Illil-bāni was our co-witness. The Kanesh colony appointed us for these proceedings <gap>"
auto::71_AKT1_17::0001::f5acdf2f4d,a-na I-ku-pí-a En-nam-A-šur ù Šu-mi-a-bi4-a qí-bi4-ma um-ma A-šur-na-da-ma a-na En-nam-A-šur ù Šu-mi-a-bi4-a qí-bi4- ma 16 mu-ta-tim ša 1 GÚ.TA 7 e-li-a-tum ša 30 ma-na e-zi-ib ša Puzur4-Ištar ù 6 ANŠE ṣa-lá-mì áp-qí-da-ku nu-tí,"To Ikuppia, Ennam-Aššur and Šumi-abiya from Aššur-nādā; to Ennam-Aššur and Šumi-abiya: I entrusted to you 16 half-packs of each 1 talent 7 top-packs of 30 minas, apart from those belonging to Puzur-Ištar, plus 6 black donkeys."
auto::71_AKT1_17::0002::ae2ee992cb,ŠÀ.BA 1 GÚ 25 ma-na URUDU ša iš-tí Ú-šú-ur-ša-A-šur al-qé-ú a-na I-ku-pí-a,"Thereof I sent with you 1 talent 25 minas of copper, that I received from Uṣur-ša-Aššur, to Ikuppia."
auto::71_AKT1_17::0003::c041330f40,ú-šé-bi-ils-ku-nu 1 GÚ 12 ma-na URUDU ša En-um-A-šur 1 GÚ 20 ma-na ša a-šu-mi Puzur4-Ištar a-pu-lu-kà ši-tí URUDU 15.5 GÚ 3 ma-na,1 talent 12 minas of copper belonging to Ennam-Aššur; 1 talent 20 minas which I balanced with you on behalf of Puzur-Ištar— the rest of the copper: 15.5 talents 3 minas.
auto::71_AKT1_17::0004::b90ffa6c1c,ŠÀ.BA 5.5 GÚ 3 ma-na URUDU ša DAM.GÀR ší-mu-um i-ba-lá-kà-ta-ma 15 0.5 GÚ DAM.GÀR i-ša-qá-lam,Thereof 5.5 talents 3 minas of copper belong to the tamkārum. When the sale has been carried out the tamkārum will pay me 15.5 talents.
auto::71_AKT1_17::0005::4403c4b4de,rù ga-me-er a wa-tí-a En-um-A-šur-ma URUDU e ta-aṣ-ba-at-ma ba-lu-um mì-ma 15.5 GÚ URUDU ša tup-pu-šu ha-ar-ma-am ú-kà-lu DAM.GÀR e it-ba-al-ma e tù-ri-i-qá-ni ši-tí URUDU 10 GÚ ku-na-na-ma-i-um ù 6 ANŠE um-ma a-na-ku-ma al-kam lu-ša-qí-ils-kà-ma at-kál tù-ni-a-ni-ma um-ma a-ta-ma i-na 10 GÚ URUDU ù 6 ANŠE qá-tí lá-áš-ku-un-ma i-na Dur4-hu-mi-it a-na URUDU SIG5 lu-ta-er-ma a-na Kà-né-eš lu-bi-ilṣ-ma ša ki-ma ku-a-tí KÙ.BABBAR-pí lu-ša-bi-ú-ni URUDU ù ANŠE.HI.A ú-lá ú-ša-qí-ils-kà mì-šu ša um-ma a-ta-ma ša-qú-lá-ku ANŠE.HI.A ša I-ku-pí-a ANŠE.HI.A wa-šé-er-šu-um a-ši-tí KÙ.BABBAR-pí-kà a-na-ku a-za-za-kum A-šur,"And the one who resolved my dispute was Ennam-Aššur, so do not seize any copper, and without any the tamkārum must not appropriate the 15.5 talents of copper for which I hold a certified tablet, lest you let it get out of my reach. As for the rest of the copper, 10 talents from Kunanamit plus the 6 donkeys, I said: Come, I shall pay you—so I trusted you, but you cheated me, saying: I shall lay claim to the 10 talents of copper and the 6 donkeys, turn that into copper of good quality in Durhumit, bring it to Kaneš and your representatives will pay me in full in silver. I did not pay out the copper and the donkeys to you. Why did you then say: I have been paid. The donkeys belong to Ikuppia! Release the donkeys to him! For the rest of your silver I shall personally guarantee for you."
auto::71_AKT1_17::0006::474c5ee10f,ù MAR.TU i-li a-bi-ni lu i-de8-a a-šé-er na-ru-qá-kà ú-ša-zi-za-ku-ni a-hi-um pu-ru-i ú-lá iš-ku-un,"may Aššur and Amurrum, the gods of our fathers, know: on top of the fact that I guaranteed for your joint-stock capital, it was no stranger who denounced me!"
auto::71_AKT1_17::0007::0c099962bc,a-ta i-na kà-ar,It is you who keep denouncing me in
auto::72_BIN4_88::0001::97cc4dcbf2,a-na A-šur-na-da qí-bi4- ma um-ma Ša-ra-at- Ištar-ma <gap> TIÚG Zu-ba na-áš-a-kum,To Aššur-nādā from Šarrat-Ištar: Zuba brings <gap> textiles to you.
auto::72_BIN4_88::0002::4969ddbd0c,1 iš-ra-am ku-a-tí 1 iš-ra-am a-na <gap> -a-ri { <gap> } a1 4 ša-ku-kà-tim iš-té-na dí-in,"1 belt for you, 1 belt for <gap> Sell the 4 šakkuku-belts one by one."
auto::72_BIN4_88::0003::8d435fed0a,ší-it-ra-am a-na am-tí-im ša Kà-né-eš,The undergarment is for the maid in Kaneš.
auto::72_BIN4_88::0004::f5aab462a6,2 TIÚG 37 ma-na URUDU it-bu-lu i-na <gap>,2 textiles cost 37 minas of copper.
auto::72_BIN4_88::0005::6f9f833d99,TIÚG áš-a-am-šu-nu,I bought them from <gap> the textiles.
auto::72_BIN4_88::0006::5f906bb492,1 TIÚG a-na KÙ.BABBAR <gap> { <gap> } a-<dí->in ma-lá im-tal-<gap> Kur-ub-Ištar ba na bi <gap> iš-tí-kà ša-ki-in,I sold 1 textile for silver <gap> As much as <gap> Kurub-Ištar <gap> is deposited with you.
auto::72_BIN4_88::0007::26a9667a39,mì-ma lá aq-bi-šù-um,I have said nothing to him.
auto::72_BIN4_88::0008::23bd38841e,a-we-lam5 ar-tí-pì,I have <gap> the man.
auto::72_BIN4_88::0009::b75906ec40,tí-ib-a-ma a-tal-kam,Set out and come.
auto::72_BIN4_88::0010::0f06b0146f,mì-ma a-nim Zu-ba na-áš-a-ku-um,All this Zuba brings to you.
auto::72_BIN4_88::0011::57492c3206,0.5 ma-na 5 GÍN KÙ.BABBAR En-nam-A-šur ub-lam1,0.5 mina 5 shekels of silver Ennam-Aššur brought me.
auto::72_BIN4_88::0012::bc24c2e497,5 GÍN KÙ.BABBAR 3 GÍN KÙ.GI Puzur4-Ištar ub-lam,5 shekels of silver and 3 shekels of gold Puzur-Ištar brought me.
auto::72_BIN4_88::0013::e2dbe393e4,5 GÍN KÙ.BABBAR 5 ma-na URUDU DÙG-ší-lá-A-šur ub-lam,5 shekels of silver and 5 minas of copper Ṭāb-ṣill-Aššur brought me.
auto::72_BIN4_88::0014::96f9b35aca,a-ma-at-kà ša <Kà->ni-iš i-na pá-ni-kà lá-ar-ta-a-am,I shall love your maid who is with you in Kaneš.
auto::56_KTS1_13a::0002::96ac4db17d,ha-bu-lam i-nu-mì wa-áš-ba-ku-ni aš-ba-sú-ma um-ma šu-ut-ma ú-nu-tí a-dí-ni lá e-ru-ba-am a-hu-a a-tù-nu ṣa-áb-ta-šu-ma KÙ.BABBAR ù ṣí-ba-sú ma-lá wa-as-mu ša-aš-qí-lá-šu,"When I stayed there I seized him, but he said: My merchandise has not arrived yet. My dear brothers, seize him and make him pay the silver and as much interest as is fitting."
auto::57_KTS1_13b::0001::06034b122b,um-ma A-šùr-na-da- ma a-na I-dí-Sú-in ù Ši-ša-ah-<šu->ša-ar qí-bi4-ma 17 GÍN KÙ.BABBAR ṣa-ru-pá-am ší-im a-bar-ni-im Ku-zu-zi-a iš-tù 10 ša-na-tim ha-bu-lam,"From Aššur-nādā to Iddin-Suen and Šišahšušar: Kuziziya has owed me 17 shekels of refined silver, the price of an abarniū-textile, for 10 years."
auto::57_KTS1_13b::0004::983c58ee14,dí-in šu-ma mì-ma i-qá-bi4 šu-ga-ri- a-am ša A-šur li-it-ma-ma ú li-it-ba-al- šú,"If he protests in any way, then let him swear by divine Aššurs šugariāum and only after that can he take it away."
auto::letter73_AKT1_15_aligned_FINAL::0001::a360bdf251,a-na A-šùr-na-da qí-bi-ma um-ma Ša-ša-ah-šu-šar-ma ki-ma a-ta tù-šú-ni 0.66666 ma-na 5 GÍN KÙ.BABBAR im-hu-ru-ma a-na Ú-šú-ur-ša-A-šùr DUMU A-šùr-ma-lik i-dí-nu,To Aššur-nādā from Šašahšušar: Since you had left they have received 0.66666 mina 5 shekels of silver and given that to Uṣur-ša-Aššur son of Aššur-malik.
auto::letter73_AKT1_15_aligned_FINAL::0002::8e5460c977,3 ku-ta-ni Ú-šú-ur-ša-A-šùr ilṣ-qé-ma a-na É kà-ri-im i-dí-i,Uṣur-ša-Aššur has taken 3 kutānu-textiles and deposited them in the port office.
auto::letter73_AKT1_15_aligned_FINAL::0003::0ffa7839eb,12 GÍN KÙ.BABBAR KI Ša-ra-pu-nu-wa im-hu-ru-ma i-a-tí i-dí-nu-ni-šú,They received 12 shekels of silver from Šarapunūwa and gave that to me.
auto::letter73_AKT1_15_aligned_FINAL::0004::87852cbe6e,4 na-ru-uq šé-am É Ku-tù-bi-iš ub-lu-nim a-na-kam am-hu-ur-ma 1.5 na-ru-uq e-li-a-am,The house of Kutubiš brought 4 sacks of barley; I received it here and 1.5 sack will be for myself.
auto::letter73_AKT1_15_aligned_FINAL::0005::a064b2d89c,3 na-ru-uq GIG É Kà-ú-ba-a ub-lu-nim,The house of Kauba brought 3 sacks of wheat.
auto::letter73_AKT1_15_aligned_FINAL::0006::f6485481f8,ù mì-ma ú-lá i-dí-nu-nim,"However, they did not give me anything."
auto::letter73_AKT1_15_aligned_FINAL::0007::bc75e02224,ki-ma a-ta tù-šú-ni A-šùr-bé-el-a-wa-tim i-li-kam-ma maš-ke-e i-zu-a-aš zi-ta-kà-a i-ib-ši-ma ù a-ni-i i-ta-áb-lu-šu-nu 15 GÍN KÙ.BABBAR ša Ta-ar-hu-nu ší-tí KÙ ha-bu-lu-ú ŠÀ 8.25 GÍN KÙ.BABBAR i-dí-nu-nim,"Since you have left Aššur-bēl-awātim came here and divided up the hides; your share used to be here, but now they have removed them. 15 shekels of silver from Tarhunu, they owe the rest of the silver; thereof they have given me 8.25 shekels of silver."
auto::letter73_AKT1_15_aligned_FINAL::0008::172d31bd86,ú mì-ma ú-lá i-dí-nu-nim ù iš-tí Ta-ar-hu-nu-ú 5 GÍN KÙ.BABBAR a-hu-ur,"However, they did not give me anything , and 5 shekels remain owed by Tarhunu."
auto::letter73_AKT1_15_aligned_FINAL::0009::7cbdc89689,ù ší-tí KÙ.BABBAR šu-nu-ú ilṣ-qé-ú,"Also, it was they who took the rest of the silver."
auto::letter73_AKT1_15_aligned_FINAL::0010::2ad864cfb7,i-ba-áb-tí-kà mì-ma ú-lá im-hu-ru-ú a-na tí-ir-tí-kà Ú-šú-ur-ša-A-šùr,They have received nothing from your outstanding claims. Make Uṣur-ša-Aššur pay attention to your orders.
auto::letter73_AKT1_15_aligned_FINAL::0011::2c3e52ab32,na-hi-id u4-mu-um iš-tù ITI.3.KAM i-ta-at-qú,The term is overdue by three months.
auto::letter73_AKT1_15_aligned_FINAL::0012::6e75b4ad66,e-šé-e-ma ma ú-lá iš-a-ma a-na-ku-ma-a áš-a-am,"Even firewood he did not buy for me, so I myself have bought it."
auto::letter73_AKT1_15_aligned_FINAL::0013::87b8269c83,KI Ha-bi-i 1.66666 ma-na 5 GÍN KÙ.BABBAR ni-im-hu<ur> Ú-šú-ur-ša-A-šùr ilṣ-qé-e 0.66666 ma-na KI Ha-lú-li-e ni-ilṣ-qé-e ù 5 GÍN KÙ.BABBAR Ú-šú-ur-ša-A-šùr,"From Habi we have received 1.66666 mina 5 shekels of silver; Uṣur-ša-Aššur has taken it. 0.66666 mina we got from Haluli; also, Uṣur-ša-Aššur <has received> 5 shekels of silver."
AKT_08_10,a-na Ku-li-a qí-bi-ma um-ma A-ba-ba-a-a-ma a-na-kam 1.33333 ma-na KÙ.B. ša a-na mu-lá-e-i ša É Sà-ba-sí-a ni-ilṣ-qé-e-ú: be-el qá-ta-tí-a ša iš-tí-a i-zi-zu-i-ni 5-šu-nu i-na-zu-mu-ú,"Say to Kuliya, thus says Ababaya: Here, as for the 1.33333 mina of silver which we borrowed to supplement the amount of Sabasiya's house/firm, my guarantors, which assisted me, all five of them, are complaining."
AKT_08_10,um-ma šu-nu-ma ṭup-pá-am ša ku-nu-ki-ki dí-ni-ni-a-tí ša KÙ.B. a-na ší-it : Ku-li-a i-ši-iq-lu-i-ni KÙ.B. 1 ma-na-um 7 GÍN ni-ilṣ-qé,They say: Give us a tablet with your seal to the effect that the silver has been paid for Kuliya's expenses; we have borrowed the silver at an interest of 7 shekels per mina.
AKT_08_10,a-pu-tum 5 GÍN KÙ.B. a-bu-kà : a-šù-ur ù ni-ší-kà 1 GÍN KÙ.B. TA a-šù-ur ù ta-zi-ma-tí-ší-na lá áš-ta-na-me-e,"Please, provide your father with 5 shekels of silver and each of your folks with one shekel of silver and let me no longer hear their complaints!"
AKT_08_10,a-pu-tum ša a-wi-lu-tí- kà e-pu-uš,"Please, act as the gentleman your are!"
AKT_08_10,a-pu-tum KÙ.B. a-na A-šùr- ṣú-lu-li dí-in-ma lu-ub-lam,"Please, give silver to Aššur-ṣululī to bring it to me."
AKT_08_10,a-na-kam ú-ša-ah-du-ru-ni,Here they are frightening me.
AKT_08_11,a-na Ku-li-a qí-bi-ma um-ma A-ba-ba-a-ma a-na ma-lá pì-i na-áś-par-ṭí-kà pì-á-ni-tim 3 ma-na KÙ.B.¹ a-na E-na- na- tim a-dí-in a-pu-tum mì-nu-um ša a-na E-na-na-at- A-šùr KÙ.B. tù-ší-ru-ú,"Say to Kuliya, thus says Ababaya: Exactly as your previous letter stated I have given 3 minas of silver to Ennānātum. Please, what is this, that you released silver to Ennānāt-Aššur?"
AKT_08_11,a-na lá-ni-šu ta-tí-ki-il5 lá É-tám : lá ša-ra-am i-šu ú KÙ.B. tù-ší-ir,"You put trust in his outward appearance, but he has neither house nor child and still you released the silver!"
AKT_08_11,a-pu-tum a-na me-ra um-mi-a- nim <gap> <gap>-be <gap> a-na-ah-tí Bur-Ištar ša-i-il5,"Please, to an independent trader <gap> as for my misery / expenses, ask Būr-Ištar ."
AKT_08_11,mì-ma ša a-dí-nu-šù-i-ni a-na A-šur-ṣú-lu-li i-na ṭup- pì-im ša i-is-ku-ri-im,All I gave him for Aššur-ṣululī has been registered on a wax tablet.
AKT_08_11,lá-pu-ut a-pu-tum lá ta-ša- lá-aṭ ṭup-pá-am ša É Bé-lúm-ba- ni na-áś-par-ta-kà li-li- kam lu nu-šé-ṣí-šu : a-ha-at-kà a-na a-bi-kà ma-da-tí-ma ta-ta-wu : i-na li-bi a-bi-kà tù-šé-ṣa-kà,Please do no act highhandedly. As for the tablet of/in the house of Bēlum-bāni - when your letter comes we will obtain its release. Your sister talks a lot to your father and she tries to make him forget you!
AKT_08_11,lá ta-ša-lá-aṭ : mì-ma lá ta-pá-lá-ah e-lá-nu-kà a-bu-kà lá i-šu,"Do not act highhandedly, you have nothing to fear since your father has nobody but you."
AKT_08_11,a-pu-tum a-ni-qí ša a-mu-tim <gap> ù KI-DU-ra-am A-šùr-ṣú-lu- li <gap> lu-ub-lam,"Please, the rings of meteoric iron <gap> and the <gap> , let Aššur-ṣululī [take them along] to bring to me."
AKT_08_12,um-ma A-šùr-ša-dí-li ù A-ba-ba-a-ma a-na Ku-li- a qí-bi-ma a-šu-mì ṭup-pì-kà ša Šu-Sú-in DUMU I-na-a ú-kà-lu a-na-kam i-nu-mì a-wa-sú-nu i-gi5-im-ru i-na ga-me-er a-wa-tí-šu ṭup-pá-kà ú-šu-ru-ni-a-tí-ma ú né-nu ṭup-pá-am ša a-limki ša A-šur-re-ṣí nu-ša-ar,"Thus say Aššur-šad-ilī and Ababaya, say to Kuliya: As for your tablet which Šu-Suen, son of Innāya, has in his possession, when here their affair was concluded by the man who settled his case they would release your tablet to us and then we would release the tablet of the City of/concerning Aššur-rēṣī."
AKT_08_12,Šu-Sú-in ṭup-pá-am né-ta-ri-iš-ma um-ma šu-ut-ma a-da-na-ku- um a-wi-lúm i-na lá i-da- i-ni i-ta! -al-kam,"When we kept asking Šu-Suen for the tablet he said: I will give it you, but the man has left without us knowing it!"
AKT_08_12,šu-ma a-ma-kam KÙ.B. e-ri-iš-kà lá over erased i ta-da-an,"If over there he asks you for silver, do not give it."
AKT_08_12,um-ma a-ta-ma i-na a-limki i-na ga-me-er a-wa-tim DUB-kà <<i>> ta-da-nam qá-bí-a-tí: né-nu a-na- kam <gap>-ni ni-ša-a-al ga-me-er a-wa-tim-ma <gap> tí a-limki¹ iš-tù A-bu¹-ša-lim <gap> iš-tí Puzur2-<gap> <gap> ni-ni <gap> ni-il5-qé-ú šé-bi-lam,"Tell him: By decision of the man who settled the affair you have been ordered to hand over in the City the tablet you have. And we here <gap> we will ask [the man] who settled the affair and the <gap> which after Abu-šalim [had left] we had obtained <gap> from/with Puzur- <gap> , send us that."
AKT_08_12,A-šur-ANDUL tur4-dam Ì.GIŠ <gap> šé-bi-lam,"Send Aššur-ṣululī here, send <gap> oil."
AKT_08_13,um-ma A-šùr-ša-dí-DINGIR A-mur-Ištar DÙG-ší-lá-A-šùr Ì-lí-a-LIM: A-nu-pí-a ù A-ba-ba-a-a-i a-na Ku-li-a: qí-bi-ma a-wa-tí-kà: ša É Šà-ba-sí- a qá-du-um: ša u4-mu- kà ša-ak-nu-ni: ni-ig-mu-ur-ma,"Thus Aššur-šad-ilī, Amur-Ištar, Ṭāb-šilli-Aššur, Ilī-anum, Anuppiya, and Ababayai, say to Kuliya: We have settled your affair concerning Sabasiya's house, including the setting of a term for you."
AKT_08_13,a-ṣé-er KÙ.B. ù KÙ.KI ša te-zi-bu 1.33333 ma-na iš-tí DÙG-A-šur DUMU DÙG-ì-lí 1 ma-na-um 7 GÍN a-na ší-ib-tim,"And in addition to the silver and gold you had left behind we borrowed 1.33333 mina from Ṭāb-Aššur, son of Ṭāb-ilī, at an interest of 7 shekels per mina."
AKT_08_13,ni-il5-qé-ma KÙ.B nu-ša-bi4-šu-nu-ma 3 ṭup-pé-e ša a-limki 1 ṭup-pá-am ša 1.5 ma-na KÙ.B. ša hu-bu-li-kà ú-šé-ru-ni-a-tí,"And with that silver we have satisfied them, whereupon they released to us 3 tablets of the City 1 tablet recording a debt of yours of 1.5 mina of silver."
AKT_08_13,a-ša-at-kà: iš-tí-ni kà-an-kà-at: ITI.1.KAM ma-hu-ur-ì-lí li-mu-um Da-ni-a,"Your wife has sealed together with us, the IVth month of the eponymy of Dān-Ea."
AKT_08_13,a-pu-tum ki-ma: ṭup-pí-i ta-àš-me-ú KÙ.B. ù ší-ba-sú šé-bi4-lá- ma ṭup-pá-am ša ku-nu-ki-ni ù ku-nu-uk a-ší-tí-kà lu né-du-uk: a-ma-lá na-àš-pé-er-tí-kà: Iš-me-d ÌŠKUR DUMU I-tur4-a-a: ni-iṣ-ba-at- ma um-ma né-nu-ma 5 ma-na KÙ.B. a-na ší-a-ma-tim ša Puzur2-A-šur DUMU A-hu-wa-qar: tù-ub-lam kà-i-na-ni-a-tí-ma a-ta-ma: ší-ma-am: ša-am- ma qá-at-ni: lu ni-iš-ku- un,"Please, as soon as you have heard the letters, send the silver with the interest on it and then we will cancel the tablet with our seals and the seal of your wife. In accordance with your written instruction we seized Išme-Adad, son of Itūraya, and told him: You brought 5 minas of silver, meant for making purchases, belonging to Puzur-Aššur, son of Ahu-waqar, Confirm our claim on it, then it is you who can make the purchases and we will establish our claim on them."
AKT_08_13,šu-ma KÙ.B. a-na ša Puzur4-A-šur i-tù-wa-ar Ku-li-a li-il5-qé um-ma šu-ut-ma Puzur2-A-šur: mi-ma: lá i-dé ù mi-ma KÙ.B.: lá ub-lam a-na KÁ DINGIR nu-šé-ri-sú-ma KÁ: ta-am-gi5-ir-tum i-bi4-ší-ma: a-na pá-ni- šu a-le: ta-mu-ru-šu-ni tù-ta-ma-šu,"If the silver turns out to belong to Puzur-Aššur, Kuliya can take it. He answered: Puzur-Aššur is in no way involved and I did not bring along any silver! We led him down to the Gate of the god and in the Gate this agreement was reached: Henceforth, wherever you see him you will make him swear the oath."
AKT_08_13,a-šu-mì: A-šur-re-ṣí DUMU I-na-a a-wa-tù-šu-nu a-dí-ni: na-ad-a-ma: ṭup-pá-am: lá nu-šé-ší-a-am ú sí-ku-šu: ka-a-ni-iš-ma: nu-kà-al,"As for Aššur-rēṣī, son of Innāya, their affair still rests and we have not obtained a writ-ten document and we continue to detain him."
AKT_08_14,um-ma A-šùr-šà-dí-li-ma a-na Ku-li-a ù A-šur-la-ma-sí a-na Ku-li-a qí-bi-ma a-šù-mì a-wa-tim ša É Sà-ba-sí-a a-wu-tum ša ma-ah-ri-kà lá iz-ku-ú : lu-qú-ut-kà ša i-na A-pí-im té-zi-bu- ma Lá-ta-ra-ak iš-ba-at,"Thus says Aššur-šad-ilī to Kuliya and Aššur-lam[assi] and in particular to Kuliya: Because of the affair of Sabasiyas house, the case that was not settled in your presence, Latarāk has seized your merchandise that you had left behind in Apum."
AKT_08_14,áš-me-ma ṭup-pá-am ša ší-bu-tim ú ší-ip-ra-am al-qé-ma a-na A-pí-im i-li-ik-ma lu-qú-tám ú-ší-ir-ma A-bi-we-du-um i-ra-dí-a-ku- um,When I heard it I availed myself of a tablet of the Elders and a messenger who went to Apum and obtained the release of the merchandise and Abi-wēdum is now leading that to you.
AKT_08_14,be-et-kà URUDU GUŠKIN Ú-sú-ra-num ta-da-nam lá i-mu-a um-ma šu-ut-ma ša-qú-ul : ba-pí-ra-am ša ša-ku-ul-tim ú ku-<ku>-ba- tim É DAM.GÀR ni-il5-qé- ma a-na DAM Ili5-ba-ni,"As for your house, Uṣurānum refuses to give either copper or gold saying: All has already been paid. From a merchant we borrowed beer bread for the banquet and for drinking flasks and we gave them to Ilī-bānīs wife."
AKT_08_14,ni-dí-in : mi-ma li-ba- kà lá i-pá-ri-id ki-ma a-wi-lu-tí-kà lu-qú-ut-kà a-na KÙ.B. ta-e-er-ma tí-ib-a-ma: a-tal-kam,"There is absolutely no reason to get nervous. Gentleman as you are, convert your merchandise into silver and come immediately here."
AKT_08_14,a-hi a-ta tí-de8-e ki-ma KÙ.B. 1 GÍN ša qá-tim a-na ša-ku-ul-ti <gap>,"My dear brother, realize that every single shekel of silver at hand [will be be used] for the banquet."
AKT_08_14,UDU TÚG.HI.A <gap> BA <gap> A-šur-lá-ma-si qí-bi4-ma¹ KÙ.B. šé-bi4-lá-ma li-ba-am dí-nam ši-im TÚG.HI-tí-šu SIG5 a-na A-šur-ṣú-lu-li dí-in,<gap> Tell Aššur-lamassi: Send the silver encourage us! Let him give the yield of his textiles of good quality to Aššur-ṣululī.
AKT_08_14,li-bu-šu lá tù-lá-ma-an,Do not make him angry.
AKT_08_15,a-na Ku-li-a qí-bi4-ma um-ma Al-pì-lí ù A-šur-lá- ma-sí šál-ma-ni i-Ta-wi-ni-a wa-áś-ba-ni,"To Kuliya, thus say Alpilī and Aššur-lamassi: We are well, we are staying in Tawiniya."
AKT_08_15,ni-iš-ta-na-me wa-áś-bu-tum ša Wa-ah-šu-ša- na i-ta-ṣú-nim,We hear rumours that the residents of Wahšušana have left the city.
AKT_08_15,a-dí 2 u4-me-e za-ku-sà ni-ša-me- ma a-le ni-pá-nu-ú ni-ša-pá-ra-ku- um,"Within two days, when we hear more details, we will inform you by letter where we are heading."
AKT_08_15,ta-ma-lá-ke ša qá-tí-kà Al-pì-lí ú-ša-al,"As for the coffers under your control, Alpilī will make enquiries."
AKT_08_15,li-ba-kà lá i-pá-ri-id,Do not get afraid!
AKT_08_17,a-na Ku-li-a qí-bi4-ma um-ma A-sá-num-ma a-šu-mì a-ší-im sá-ah-ra-a-ku a-ši-a-im¹ i-ma-gu5-ru a-da-šu-ma a-ta-be-a-am- ma a-ta-lá-kam,"To Kuliya, say, thus says Asānum: I am still staying because of the meteoric iron. When they agree with the iron I will sell it, get ready and leave for you."
AKT_08_17,a-dí-i na-áś-pè-er-tí-kà ša a-šu-mì kà-lá-pí-im i-li-kà-ni ší-bè-e a-dí-ni lá ah-ri-im i-ší-be-a A-zu : kà-ṣa-ar Puzur2-A-mur be-li a-ta : <<a-na>> a-na Puzur2-A-mur pu-nu-ma A-zu-ú li-it-ru-dam iš-tí tap-pá-i-šu ší-bu-tám li-dí-nam,"As for your letter which arrived here concerning the axe, I have not yet recorded of the witnesses. Among my witnesses figures Azu, the transporter of Puzur-Aššur. Please, my lord, approach Puzur-Aššur and let him send Azu to me, so that he can testify for me together with his colleagues."
AKT_08_17,i-na lá i-da-i-a a-mì-ša-am i-tal-kam um-ma šu-ut-ma a-na E-lá-lí a-lá-ak,"Without my knowledge he has left for there, saying: I am going to Elalī ."
AKT_08_18,a-na Ku-li-a qí-bi-ma um-ma A-sà-num-ma a-ma-a dam-qá-tù-šu ša Al-<pì>-lí ša i-na Té-ga-ra-ma ú-ta-mì-ú pa-ar-ša-tì-kà a-wa-tim u-šé-ší-i ú šu-um-ka SIG5 ṭá-pu-ul ú a-na-ku iš-tí-kà-ma ṭá-pu-lá-ku aq-bi-a-ku-um um-ma a-na-ku-ma a-wa-tí-kà Al-pì-lí lá tù-lá-ma- ad a-wa-sú ú-ZA-AD a-bi a-ta be-lí a-ta lá ta-qá-bi um-ma a-ta-ma i-qi-in-im a-šu-mì ta-pá-i-šu-ú na-áś-<pè>-er-tám uš-té-bi-lam ma-di-iš li-bi-i,"To Kuliya, thus says Asānum: Really, this is the friendliness of Alpili whom I made swear an oath in Tegarama - he has disclosed confidential matters of you, and also your good reputation has been besmirched and I have been besmirched together with you! I had told you: Do not inform Alpili about your affairs, he <gap> his word. Please my father, my lord, do not think: Out of jealousy he has sent me a letter about his partner! He has really hurt me terribly."
AKT_08_18,im-ra-aṣ a-na a-wa-tim ša a-ší-áś-ta-me-ú a-na a-wa-tim a-ni-a-tim DINGIR lu i-dé a-na Al-pì-lí um-ma šu-ut-ma a-na am-tí-kà-ma <gap> lá i-ba-ší i-<gap> 2ší-ta a-ša-tám da-mi-iq-tám Ku-li-a,"For the rumours I keep hearing, for these matters god be my witness against Alpili! He said to your maid: There is no <gap> available. Of the two <gap> Kuliya will marry one as a fine wife."
AKT_08_18,e-ha-az : i-na <gap> am-tí-kà ka-lá-ší-na-ma,"Of/with the <gap> of your maid, all of themᶠᵉᵐ."
AKT_08_18,tù-ba-lá-ku-um li-ba-kà lá i-na-hi-id e-lá 3 GÍN KÙ.B. mì-ma wa!-at-ra-am lá i-dí-ší-im ú ša <gap> mì-ma lá i-dí-ší-im ú a-ma-tum ra-qá-ma uš-ba ú li-bi4-ša ki-ma mì-ma lá i-dí-nu-ší-ni iš-té-né-ú-ma LU a-na ku <gap> ú li-ba-ša da-ni-ša-ma ma-ri-iṣ a-na a-wa-tim a-ni-a-tim ša Al-pì-lí e-ta-ú-ší-ni i-na e-ra-bi4-a 5 u4-me-e iš!-tí-a lá ta-ta- ú,"she will bring you. Dont be be worried. Apart from 3 shekels of silver he gave her nothing extra and he also did not give her any <gap> Moreover, the slave-girls are idle and do nothing. And because he gave her nothing they keep looking for <gap> and she is very angry. Because of these matters which Alpīlī told her, when I had arrived for five days she refused to talk with me."
AKT_08_18,<gap> ak-šu-dam i-na kà-ri-im wa-áś-ba-at ú qá-ta-tù-a i-na qá-ba-lá-al qá-qá-dí-ša ša-ak-na-a,<gap> I arrived here she was staying in the kārum and both my hands are placed on the <gap> of her head.
AKT_08_18,šu-ma-me-e e-ší-iš6 lá ak-šu-dam pu-ru-i-ni-me-e GAL ša-ki-in,If I had not arrived at short term we would have been seriously denunciated.
AKT_08_18,ma-dí-iš tù-ni-ha-ni,She has caused me a lot of trouble.
AKT_08_18,a-dí pá-né-ša ta-mu-ru-ni ù li-ba-am a-na-ku a-dí-ší-im um-ma ší-it-ma a-na ki-li <gap> ki-a a-na-ku al-mì-in-ší-ma ší-it-ma ki-e i-KU-BA-im a-lá-ak a-wa-tám li-bi-i ú-kà-al ba-lá-at <gap> a-lá-ak KU-BA-am i-pá-ṭá-ar-ma ú a-lá-ak,Until you meet her personally I myself will <gap> She said: For/To all <gap> . I became angry at her but she :How can I go with <gap> I keep the matter in mind! Without <gap> I will go. He will loosen the <gap> and then I will go.
"larsen_sent::CCT_3,_5a::0001",ŠÀ.BA 2 GÚ 10 ma-na ku-nu-ku 16.5 GÍN.TA KÙ.BABBAR.BI-šu 7.83333 ma-na 2.66666 GÍN,Specification: 2 talents 10 minas under seal at the rate 16.5 to 1 — in silver: 7.83333 minas 2.66666 shekels.
"larsen_sent::CCT_3,_5a::0007",um-ma a-ta-ma i-na 1.33333 ma-na KÙ.BABBAR ša En-na-Be-lúm na-aš-ú-ni: lé-qé KÙ.BABBAR ú-la al-qé i-na KÙ.BABBAR a-nim al-qé,"You said : Take that out of the 1.33333 mina of silver that Ennam-Bēlum is bringing. I did not take the silver then, so I have taken it out of this silver."
"larsen_sent::CCT_3,_5a::0008",12 ma-na 5 GÍN AN.NA-ak qá-tim 15 GÍN.TA 0.66666 ma-na 8.33333 GÍN KÙ.BABBAR.BI-šu,12 minas 5 shekels of tin for expenses at the rate 15 to 1 — in silver: 0.66666 mina 8.33333 shekels of silver.
"larsen_sent::CCT_4,_1a::0005",2 ma-na 13.33333 GÍN KÙ.BABBAR,Zuzu owes me 2 minas 13.33333 shekels of silver.
"larsen_sent::CCT_4,_1a::0006",Zu-zu ha-bu-la-am 1 ma-na KÙ.BABBAR iš-tí dUTU-ba-ni DUMU Puzur₄-Ištar,<gap> 1 mina of silver is owed by Šamaš-bāni son of Puzur-Ištar.
"larsen_sent::CCT_4,_1b::0001",um-ma a-ta-ma a-na ru-ba-im a-qí-aš ù 2 ma-na hu-ša-e uṣ-ba-ku-um* um-ma a-ta-ma pá-šu-ra-am SIG₅ ša 10 GÍN KÙ.BABBAR a-da-na-ku-um šu-ma a-hi a-ta pá-šu-ra-am SIG₅ a-na A-šur-ta-ak-lá-ku,"You said: I shall give them as a gift to the king. I furthermore added for you 2 minas of scrap metal. You said: I shall give you good quality retail goods worth 10 shekels of silver in return. My dear brother, give the good quality retail goods to Aššur-taklāku."
"larsen_sent::CCT_4,_1b::0002",di-in a-na A-šur-ta-/ak-lá-ku qí-bi₄-ma 3 ma-na 12 GÍN AN.NA a-na ILLAT šu-ku-un,To Aššur-taklāku: <gap> Deliver 3 minas 12 shekels of tin to the enterprise.
"larsen_sent::CCT_5,_6a::0007",li-li-kam iš-tí KÙ.BABBAR-pí-a 4.5-ma-na ša Ku-ru-ub-Ištar ba-áb-tám e-zi-ba-ku-nu-tí-ni*,Together with my other silver I left 4.5 minas belonging to Kurub-Ištar as an outstanding claim with you.
larsen_sent::Cole_8::0002,ŠUNIGIN 3 ma-na KÙ.BABBAR ŠÀ.BA 7.5 GÍN ni-is-ha-tim áš-qúl iš-tù ša-du-ú-tum ga-am-ra-at-ni 1 GÍN KÙ.BABBAR a-pu-ul,"In all: 3 minas of silver. Thereof I paid 7.5 shekels as import duty; since the transport tariff had been spent, I paid the balance of 1 shekel of silver."
larsen_sent::Cole_8::0003,ší-tí KÙ.BABBAR-pì-kà 2.83333 ma-na 1.5 GÍN,The rest of your silver amounts to 2.83333 minas 1.5 shekel.
larsen_sent::Cole_8::0005,al-qé 2.66666 ma-na 1.25 GÍN KÙ.BABBAR ší-im TÚG.HI.A ša še-ep En-nam-Be-lim i-na,"I still had a claim against you of 2.66666 minas 1.25 shekels of silver, the proceeds from the sale of the textiles transported by Ennam-Bēlum."
larsen_sent::Cole_8::0006,li-bi₄-kà a-ší-tám um-ma a-ta-ma KÙ.BABBAR lá-qé am-ší-ma lá ak-nu-kà-šu KÙ.BABBAR i-qá-tí-a lá-šu-ma,"You said: The silver has been taken. But I forgot to seal it, and since I have no silver available to me I have taken it."
larsen_sent::Cole_8::0008,a-ší-tám ŠUNIGIN 2.83333 ma-na 7.33333 GÍN ša-he-er-ma ší-tí KÙ.BABBAR-pì-kà 2.16666 GÍN gám-ra-kum,"In all: 2.83333 minas 7.33333 shekels have been deducted, so the rest of your silver is 2.16666 shekels. It has been spent for you."
larsen_sent::KUG_27::0000,um-ma A-šur-i-dí-ma «a-na» a-na A-šur-na-da qí-bi₄-ma 3.66666 ma-na KÙ.BABBAR ti-zi-ba-am 1 ma-na 0.5 GÍN KÙ.BABBAR ša Šu-Ištar 2 ma-na LÁ 0.5 GÍN KÙ.BABBAR Ištar-pí-lá-ah tù-šé-bi₄-lam 1.33333 ma-na KÙ.BABBAR ṣa-ru-pá-am Dan-A-šur ub-lam ŠUNIGIN 8 ma-na,From Aššur-idī to Aššur-nāda: You left me 3.66666 minas of silver; 1 mina 0.5 shekel of silver belongs to Šu-Ištar; 2 minas less 0.5 shekel of silver you sent to me with Ištar-pilah; Dān-Aššur brought me 1.33333 mina of refined silver— in all: 8 minas.
larsen_sent::KUG_27::0001,ŠÀ.BA lu-qú-ut 2 ma-na 16.66666 GÍN LÁ 7.5 ŠE A-šur-na-da DUMU Ir-nu-id ú-šé-ši-a-kum 2.25 GÍN ig-ri sá-ri-dim a-ha-ma a-dí-šu-um,"Thereof I sent off to you goods worth 2 minas 16.66666 shekels less 7.5 grains with Aššur-nāda son of Irnuid; I further gave him 2.25 shekels, the wages of a donkey-driver."
larsen_sent::KUG_27::0002,16.5 GÍN KÙ.BABBAR a-na Šu-Sú-en 4.5 GÍN a-na Ás-qú-di-a a-dí-šu-nu-ti ra-ku-sú,16.5 shekels of silver to Šu-Suen and 4.5 shekels to Asqudia— I gave to them; they are bound by contract.
larsen_sent::KUG_27::0006,iš-tù ší-im URUDU ù 1 GÍN 15 ŠE KÙ.BABBAR ša i-na li-bi-šu tí-šu-ú ša-qí-lu 0.33333 m a 3 GÍN 22.5 ŠE KÙ.BABBAR,"After the price of the copper and 1 shekel 15 grains of silver, which he owed to you, had been paid, I paid as balance to Aššur-rēʾi 23 shekels 22.5 grains of silver."
larsen_sent::KUG_27::0008,0.33333 ma-na KÙ.BABBAR ší-im ANŠE a-na Ú-ṣú-ur-ša-A-šur áš-qúl 5 ma-na hu-ša-e i-ša-am-ši tù-uṣ-ṣú ta-al-qé KÙ.BABBAR-áp-/šu-nu,<gap> The day you left you took 5 minas of scrap metal worth 4 shekels of silver.
larsen_sent::KUG_27::0010,5.5 ma-na KÙ.BABBAR ša še-ep En<-nam>-A-šur 3 GÍN KÙ.BABBAR i-sá-nu-qí-im im-tí-ma am-ší-ma i-ni-ka-ši lá aš-ku-na-kum,"As to the 5.5 minas of silver carried by Ennam-Aššur, 3 shekels were found to be missing during the check, but I forgot to charge it to you at the accounting."
larsen_sent::KUG_27::0011,2 UDU ša DUMU Pi-da-a 5.5 ma-na 1 UDU 1.83333 ma-na ša I-dí-lim 1 UDU 3 ma-na 1 UDU 2.33333 ma-na 5 GÍN 1 UDU 2 ma-na 10 GÍN ša A-šur-SIPA 1 UDU 2.33333 ma-na ša Zu-a 1 UDU 2.66666 ma-na ša Du-ni-a 1 UDU 3.33333 ma-na DUMU Du-ni-a-ma GAL,"2 sheep belonging to Pidayas son: 5.5 mina; 1 sheep worth 1.83333 mina belonging to Iddin-ilum; 1 sheep: 3 minas, 1 sheep 2.33333 minas 5 shekels; 1 sheep: 2 minas 10 shekels— belonging to Aššur-rēʾi; 1 sheep worth 2.33333 minas belonging to Zua; 1 sheep worth 2.66666 minas belonging to Dunnia; 1 sheep worth 3.33333 minas—the same Dunnias eldest son."
larsen_sent::KUG_27::0012,1 TÚG 8.66666 ma-na ša A-šur-DÙG ta-am-ši-ma,"You forgot 1 textile worth 8.66666 minas belonging to Aššur-ṭāb, so I paid."
larsen_sent::KUG_27::0016,1 ma-na KÙ.BABBAR a-ši-im 2 GUD.HI.A ù ú-tí-tim a-na me-er-e ša-ku-li-im ag-mu-ur ší-tí KÙ.BABBAR-pì-kà 2 ma-na 0.66666 GÍN i-na li-bi₄ 5 ma-na 1 GÍN KÙ.BABBAR lu-qú-tim ša še-ep En-nam-Be-lim ú-ša-he-er ší-tí KÙ.BABBAR-pì-a 2 ma-na 0.33333 GÍN i-na pá-ni-e-ma,"1 mina of silver I spent on the price of 2 oxen and grain to feed the sons. The rest of your silver: <gap> 2 minas 0.66666 shekels, I deducted from the 5 minas 1 shekel of silver, the shipment transported by Ennam-Bēlum; <gap> send the rest of my silver, 2 minas 0.33333 shekels as soon as possible."
larsen_sent::KUG_27::0017,šé-bi₄-lam li-ba-ka lá tu-lá-ma-an a-na a-wi-li ah-ša-ah-ma al-qé,"Do not be angry. I wanted it for the men, <gap> so I took it."
larsen_sent::KUG_48::0001,mi-ma KÙ.BABBAR-áp-kà lá al-qé ú ni-kà-si ú-ni-a-ni-ma KÙ.BABBAR 1 ma-na ù 2 ma-na i-ṣé-ri-a il₅-qé AN.NA 1 GÚ KI Ša-lim-a-/hi-im a-na u₄-me ni-il₅-qé-ma a-na Bu-ru-uš-ha-dim ú-šé-ri-ib-ma ih-ta-al-qé-ni a-wa-at A-limki lá tí-de₈ a-na-kam a-ba-ú-šu im-tí-du-ma a-hi-ni nu-šé-ši-ib-ma a-šu-mi KÙ.BABBAR a-na-kam <gap> ra-kà-si< -im> ni-iš A-limki ú-ta-me-ú-ni-a-tí-ma a-na 6 ma-na KÙ.BABBAR ú-ma-gi₅-ru-ni-/a-tí iš-tù ITI.1.KAM Tán-bar-ta li-mu-/um Ib-ni-dIM DUMU Ba-qú-ni-im 1 ma-na.TA i-na ša-tim KÙ.BABBAR ša-al-ma-am i-na A-limki i-ša-qá-lá-kum ša KÙ.BABBAR 1 ma-na ù 2 ma-na ši-ma-am na-ší,"Give me my silver! He answered: I have not taken any of your silver. So, he cheated me with the account, for he has taken at least 1 or 2 minas of silver at my expense. We have borrowed tin, 1 talent, from Šalim-ahum on fixed terms, and he brought that into Burušhaddum where it was lost for me. Dont you know the state of affairs in the City? Here his fathers have become numerous, so we convened our colleagues, and they made us swear an oath by the City concerning the contractual agreement to pay the silver here , where they made us agree on 6 minas of silver: Reckoned from the month Tanbarta in the eponymy of Ibni-Adad son of Baqqunum he is to pay 1 mina per year without deduction to you in the City. He carries goods worth at least 1 or 2 minas of silver."
larsen_sent::KUG_48::0005,a-li-ki-im ṭur₄-dam um-ma A-šur-i-dí-ma a-na A-šur-na-da qí-bi₄-ma: a-šu-mi I-dí-Sú-in ša ta-áš-pu-ra-ni I-dí-Sú-in aš-ba-at-ma i-ma-ha-ar a-hi-ni um-ma a-na-ku-/ma KÙ.BABBAR i-na ba-a-ba-tí-a ta-al-ta-qé KÙ.BABBAR-pì dí-nam um-ma šu-ut-ma,"<gap> From Aššur-idī to Aššur-nāda: Concerning Iddin-Suen about whom you wrote, I seized Iddin-Suen and in the presence of our colleagues I said: You have taken silver from my outstanding claims!"
larsen_sent::Pa._14_L_29-568::0001,li-dí-in-ma KÙ.BABBAR lu-šé-bi-lam la ú-wa-šar a-pu-tum a-na i-ta-aṭ-li-im lu-qí-tám dì-in-ma,"He must not release it . Please, sell the goods for cash on delivery and send me his half of the silver raised."
larsen_sent::Pa._14_L_29-568::0009,i-na a-wa-tim ip-tù-a-kà um-ma a-ta-ma ma-lá i-na É a-bi-kà i-še-ri-a i-lá-qé-ú-ni i-na šé-ri-kà a-lá-qé: ṭup-pá-kà ù ší-bé-kà,"You should answer: Whatever they will take at my expense in your fathers house, I shall take at your expense! See to it that your tablet and your witnesses are in order! Release the goods."
larsen_sent::Pa._14_L_29-568::0010,da-ni-in: lu-qí-tám wa-šé-er um-ma A-šùr-i-dí-ma a-na A-šùr-na-da qí-bi₄-ma a-šù-mi KÙ.BABBAR ša Kà-ri-a ù ku-a-tí: ša tù-šé-bi-lá-ni um-ma ša ki-ma Kàr*-ri-a-ma lu-qí-tám a-na i-ta-aṭ-li-im,"<gap> From Aššur-idī to Aššur-nādā: With regard to the silver belonging to Karria and yourself which you sent to me, Karrias representatives said: Let him sell the goods for cash on delivery, and send the silver here!"
larsen_sent::Pa._39_L_29-602::0000,um-ma A-šur-i-dí-ma a-na A-šur-na-da qí-bi₄-ma 5 GÍN KÙ.BABBAR i-na e-ra-bi₄-šu-ma Ás-qú-dí-a ša-áṣ-qí-il₅-ma iš-tí ší-im ANŠE ku-nu-uk-ma i-pá-ni-e-ma,"From Aššur-idī to Aššur-nāda: Make Asqudia pay 5 shekels of silver as soon as he arrives, seal that together with the money from the sale of the donkey, <gap> and send it as soon as possible."
larsen_sent::Pa._39_L_29-602::0001,šé-bi₄-lam 1 TÚG ku-ta-nu-um i-ṭù-pì-a lá lá-pì-it ša A-šur-ta-ak-/lá-ku Ás-qú-dí-a-ma na-aš-a-/kum,<gap> 1 kutānu-textile was not noted in my letter; it belongs to Aššur-taklāku; Asqudia is on his way to you with that as well.
"larsen_sent::TC_3,_93::0001",ù šé-ši-šu: tù-pá-šé-er ù kà-ki: ša A-šur ù A-šu-ri-tim im-hu-šú-/kà ù tù-pá-šé-er um-ma a-ta-ma i-na šé-ri-šu li-mu-ru ša a-wa-at: i-lí a-na ša ta-ni-iš-tim,"But though the weapons of divine Aššur and Aššuritum have hit you, you still broke your word, saying: Let them care about him who treats the words of the gods as those of mankind. So far you have not left."
"larsen_sent::TC_3,_93::0004",ri-im: šú-uh-ri-ma a-zu-áb: A-šur ù A-šu-ri-/tum uš-ta-na-ú-du-kà um-ma šu-nu-ma lá-am-na-/tim i-na li-bi₄-šu e-ta-wu li-bu-šu lá iš-ru-ni-ku-um qá-šu na-ba-al-ku-ta-at kà-lá a-wa-tim ša i-lí e-ta-wu-ni-ku-um a-wa-tim ša be-tí-ni: a-dí a-šu-ri-ma ta-am-tí-ši um-ma DINGIR-lu-ma a-wa-ti-ni ú-lá im-tù-a a-pu-tum a-wa-at,"Aššur and Aššuritum are giving you urgent instructions with the words: He speaks wickedness in his heart, his thoughts are not friendly towards you, his hand is turned away. All those words of the gods they spoke to you, words about our family, heaven forbid that you should have forgotten them! The gods said: He has refused to obey our commands! Please, obey the commands of the gods!"
"larsen_sent::TC_3,_93::0008",ù a-wa-at i-lí iš-té-me li-ba-kà lá ú-lá-mì-in um-ma A-šur-i-dí-ma a-na A-šur-na-da qí-bi₄-ma ta-li-kam-ma: a-dí 5-ši-šu,He cannot have made you angry. <gap> From Aššur-idī to Aššur-nāda: After you came here you have broken your promises five or six times!
"larsen_sent::TC_3,_95::0000",um-ma A-šur-i-dí-ma a-na Puzur-Ištar ù Ás-qú-dim qí-bi₄-ma 1 GÚ.5 ma-na AN.NA ku-nu-ki ša Ás-qú-dum na-aš-ú a-na-ma Tí-me-el-ki-a ta-kà-ša-dá-/ni um-ma a-tù-nu-ma a-na Šu-Ištar DUMU A-zu-da qí-bi₄-a-ma tí-ir-tí A-šur-i-dí AN.NA 1 GÚ le-qé-ma gi-mì-lam i-na še-ri-šu šu-ku-un tup-pu-šu ha-ar-ma-am ša hu-bu-li-šu lu-up-ta a-na 25,"From Aššur-idī to Puzur-Ištar and Asqudum: As to the 1 talent 5 minas of tin under seal which Asqudum is bringing, as soon as you reach Timelkia you must say as follows to Šu-Ištar, the son of Azuda: Aššur-idis orders were that you should take at least 1 talent of tin to do him a favour. Draw up a certified tablet concerning his debt to run for 25 weeks."
"larsen_sent::18._TC_1,_18::0008",mì-ma a-hu-um a-na a-hi-im lá i-ša-kán a-pu-tum a-pu-tum i-hi-id-ma li-bi₄ lá tù-lá-ma-an,"Colleagues need not set witnesses for each other.Please, please! take care not to make me angry!"
larsen_sent::21_BIN6_30::0000,um-ma A-šùr-i-dí-ma a-na A-šùr-na-da qí-bi-ma ša-am-ša-am ša 15 GÍN GUŠKIN a-na dNIN.ŠUBUR ha-bu-lá-/ku,From Aššur-idī to Aššur-nādā: I owe a sun-disk weighing 15 shekels of gold to divine Ilabrat.
larsen_sent::21_BIN6_30::0001,i-na pá-ni-tim i-nu-mi ta-li-kà-ni um-ma a-na-ku-ma a-na mì-nim ša-am-ša-am la tù-ub-lam um-ma a-ta-ma 15 GÍN ù-la ma-ṣa-at um-ma a-na-ku-ma ší-ma-am ša-a-ma ta-er-ma i-na e-ra-bi-kà-ma ša-am-ša-am ša 15 GÍN GUŠKIN e-pu-uš-ma šé-bi-lam iš-tù šé-pí-kà pá-ni-tim tù-uš-ta-na-áb-la-kà-at,"Earlier, when you came here, I said: Why did you not bring the sun-disk? You answered: There was not enough for 15 shekels. So I said: Buy some goods, convert them, and make a sun-disk weighing 15 shekels of gold as soon as you arrive, and send it to me. Since the time of your first transport you have repeatedly had goods shipped."
larsen_sent::21_BIN6_30::0002,a-na mì-nim ik-ri-bi tu-kà-al,"Why, then, do you withhold my votive offerings?"
larsen_sent::21_BIN6_30::0003,i-hi-id-ma ša-am-ša-am e-pu-uš-ma i-pá-nim-ma šé-bi-lam,Take care to make the sun-disk and send it to me as soon as possible.
larsen_sent::21_BIN6_30::0004,ù šu-ma ù-tù-ra-ú i<-bi>-ší-ú a-qé'-er-bi-ma,"Also, if anything extra becomes available, then put it into it."
larsen_sent::21_BIN6_30::0005,i-dì TÚG.HI-tí ša ik-ri-bi ša A-šùr a-na mì-nim la i-ba-la-ku-tù a-dí-ni a-na KÙ.BABBAR la i-tù-ru,"As to my textiles from the votive offering for divine Aššur, why are they not being shipped? So far they have not been exchanged for silver."
larsen_sent::21_BIN6_30::0006,1 me-at 90 TÚG.HI-tí Ì-lì-a-lúm ù A-šùr-ta/ak-la-ku ù-ša-áb-ší-lu-ni-kum,190 of my textiles Ilī-alum and Aššur-taklāku have dealt with for you.
larsen_sent::21_BIN6_30::0007,KÙ.BABBAR-áp-šu-nu Ēʾ ma-nim i-ba-šì,In whose house is the money they were sold for?
larsen_sent::21_BIN6_30::0008,a-na DINGIR da-am-qá-at i-bu-ul-tí-a-ma KÙ.BABBAR-pí ša-ni-ú-tum ù-la-pu-tù,Is this good in the eyes of the god— that while I am still alive others may touch silver belonging to me?
larsen_sent::21_BIN6_30::0009,rû' šu-ma ša' DAM.GÀR-ri-im a-šé-ri-a-ma šé-bi-lam-ma šì-ma-am la-áš-a-ma lu-ta-e-ra-kum,"But if it is tamkāru-property, then send it to me, so I can carry out purchases and return to you."
larsen_sent::21_BIN6_30::0010,rû' a-na-ku-ma ù-lá a-ma-ša-ah-kà,In that case I shall certainly not rob you!
larsen_sent::22_CCT3_6b::0000,um-ma A-šùr-i-dí-ma a-na A-šùr-na-da qí-bi-/ma mì-šú ša ta-áš-pu-ra-ni,From Aššur-idī to Aššur-nādā: Why have you written to me.
larsen_sent::22_CCT3_6b::0001,um-ma a-ta-ma i-na KÙ.BABBAR-kà ni-kà-ši-/a,as follows: I shall pay my accounts with your silver.
larsen_sent::22_CCT3_6b::0002,a-ša-qal pá-kà ta-dí-/nam pá-i: ù-la a-dí-na-/kum,You gave me your word. I did not give you my word!
larsen_sent::22_CCT3_6b::0003,ù tù-šà-li-a-ma IGI A-šùr-ka-ši-id 20 TÚG ku-ta-ni a-qí-ša-kum,"However, you begged me, so with Aššur-kāšid as witness I gave you a gift of 20 kutānu-textiles."
larsen_sent::22_CCT3_6b::0004,iš-tù a-wa-tù-ni gám-ra-ni lu i-ši-im TÚG.HI-tí: lu i-ši-im ANŠE.HI.A KÙ.BABBAR pá-ni-a-ma 10 ma-na šé-bi-lá-ma 2 GÚ AN.NA la-áš-a-ma lu-šé-bi-la-ku-ma né-ma-al-šu,"Since our affairs are concluded, you must send me at least ten minas of silver both from the proceeds of the textiles and from the proceeds of the donkeys, the first silver you may obtain, I shall then buy two talents of tin and send that to you, so you can enjoy the profit."
larsen_sent::22_CCT3_6b::0005,a-kùl: mì-ma i-na,Do not use any of my silver!
larsen_sent::22_CCT3_6b::0006,KÙ.BABBAR-pì-a: la ta*-kál,"If you wish, then stand!"
larsen_sent::22_CCT3_6b::0007,li-ba-kà i-zi-iz,"If you do not wish to, then dont stand."
larsen_sent::22_CCT3_6b::0008,li-ba-kà la ta-za-az me-ra-kà: ú-ra-bi-ma um-ma šu-ut-ma lá a-bi a-ta,"I have raised your son, but he said to me: You are not my father. He got up and left."
larsen_sent::22_CCT3_6b::0009,it-bi-a-ma: i-tal-kam ù me-er-ú-wa-tí-kà ù-ra-bi-ma um-ma ši-na-ma: la a-bu-ni a-ta i-na ša-al-/ší-ma u₄-mi-im it-bi-a-ma i-tal-kà-ku-ma tí-ir-ta-kà lu i-de₈,"Also your daughters have I raised, but they said: You are not our father. Three days later they got up and left to go to you, so let me know what you think."
larsen_sent::23_C17::0000,um-ma A-lá-hu-um ù «ù» A-šur-i-dí-ma a-na A-šur-na-da ù Šu-A-šur qí-bi-ma a-na A-šur-na-da qí-bi-ma i-na ù-mi-im ša tup-pá-am ta-ša-me-a-ni 1 GÚ AN.NA ku-nu-ki ša A-lim^ki Šu-A-šur li-dí-na-ku-ma i-na e-tí-šu 10 ma-na KÙ.BABBAR ṣa-ru-pá-am šu-qú-ul-šu-um,"From Alāhum and Aššur-idī to Aššur-nādā and Šū-Aššur; to Aššur-nādā: the same day that you hear the letter Šū-Aššur shall give you 1 talent of tin under the seal of the City, and you must pay him 10 minas of refined silver promptly."
larsen_sent::23_C17::0001,mì-šu ša um-ma a-ta-ma KÙ.BABBAR-pí ta-as-ba-at,Why is it that you say: You have seized my silver?
larsen_sent::23_C17::0002,KÙ.BABBAR-áp-kà ki-a-ma at-ba-al i-na lu-qú-tim ša šé-ep En-nam-Be-lim,Have I removed any of your silver in this way? Deduct it from the merchandise transported by Ennam-Bēlum.
larsen_sent::23_C17::0003,ṣa-hi-ra-am a-ta 15 ma-na ša ta-aq-bi-a-ni iš-tù A-bi-im a-šar li-bi-kà,"But you yourself, have you not sent the 15 minas that you promised me from Abum to where it pleased you?"
larsen_sent::23_C17::0004,"lá tù-šé-bi-il₅, KÙ.BABBAR ša šé-ep I-zi-me-a ù Hi-na-a u₄-mu-šu-nu e-ta-at-qú","As to the silver transported by Izimea and Hinnaya, their terms are overdue."
larsen_sent::23_C17::0005,KÙ.BABBAR i-na pá-ni-ú-tì-ma,Send the silver as soon as possible.
larsen_sent::23_C17::0006,šé-bi-lá-šu tup-pá-am ha-ar-ma-am ša ší-bu-tí Lá-qé-ep ù A-šùr-i-mi-tí DUMU A-mur-DINGIR i-na pá-ni wa-ṣa-i-šu tup-pá-am ša ší-bu-tí-šu ù ku-nu-ki-šu IGI iš-tí-in a-li-ki-im kà-li-im-šu ù a-wa-at ṭup-pí-im pá-sí-is,"With respect to the certified tablet with the testimony of Lā-qēp and Aššur-imittī son of Amur-ilī, before he leaves you must show him the tablet with his testimony and his seal with one of the travellers as witness, and then erase the words on the tablet."
larsen_sent::23_C17::0007,a-pu-tum AN.NA ša A-lá-hi-im le-qé-ma a-na a-hi-im ú eb-ri-im za-ri-šu-ma KÙ.BABBAR-áp-šu šu-qú-ul-šu-um,"Please, take Alāhums tin and scatter it among colleagues and friends and pay him his silver."
larsen_sent::24_TC1_8::0000,um-ma A-šur-i-dí-ma a-na A-šur-na-da qí-bi-ma 1 GÚ AN.NA ša A-lá-hi-im Šu-A-šur li-dí-na-/ku-ma 10 ma-na KÙ.BABBAR ṣa-ru-pá-am a-na e-tí-šu šu-qú-ul-šum,"From Aššur-idī to Aššur-nādā: Šu-Aššur should give you 1 talent of tin that belongs to Alāhum, and then pay him 10 minas of refined silver promptly."
larsen_sent::24_TC1_8::0001,ku-nu-ki ša A-lim^ki 2 šu-uq-li-in li-dí-a-ku-ma eš-té-et ú-sú-uq,"He should place 2 containers under the seal of the City authorities before you, and then you choose one of them."
larsen_sent::25_Pa13_L29_567::0000,um-ma A-šur-i-dí-ma a-na A-šur-na-da qí-bi₄-ma mì-šu ša ta-aš-pu-ra-ni um-ma a-ta-ma um-ma DUMU A-lá-hi-im-ma 10 ma-na KÙ ša a-bi₄-kà a-ṣa-ba-at KÙ.BABBAR-pi i-na ki-dí''-im za-ru šu-ma šu-ut 10 ma-na KÙ.BABBAR i-ṣa-ba-at a-ta 11 ma-na KÙ.BABBAR ša a-bi₄-šu,"From Aššur-idī to Aššur-nādā: Why have you written me as follows: Alāhums son said to me: I shall seize 10 minas of silver belonging to your father. My silver has been scattered around outside! If he seizes 10 minas of silver, then you must seize 11 minas of his fathers silver!"
larsen_sent::25_Pa13_L29_567::0001,ṣa-ba-at mì-na-am a-na a-bi₄-šu ha-bu-lá-ku-ma ma KÙ.BABBAR-pi i-ṣa-ba-at,"What do I owe to his father, so that—really!—he can seize my silver?"
larsen_sent::25_Pa13_L29_567::0002,šu-ma ma KÙ.BABBAR ha-bu-lá-ak-/šu-um šé-bi₄-šu li-ir-dí-a-/ma ú-lá tup-pu-šu ha-ar-ma-am lu-ub-lam-ma KÙ.BABBAR-áp-šu a-na-kam ša-qá-lá-am,"If indeed I owe him any silver, then let him produce his witnesses, or let him bring a certified tablet that I was unable to pay his silver here!"
larsen_sent::25_Pa13_L29_567::0003,lá a-le-e um-ma a-bu-šu-ma giš-im-lá-ni AN.NA-kà-am,His father said to me: Do me a favour!
larsen_sent::25_Pa13_L29_567::0004,1 GÚ ša ik-ri-be le-qé-ma 10 ma-na KÙ.BABBAR lá ta-ba-ta-qá-am 1 GÚ AN.NA šu-uq-lam wa-sú-um-tám le-qé-ma iš-tù u₄-mi-im ša ta-lá-qé-ú a-na e-tí-šu 10 ma-na KÙ.BABBAR ṣa-ru-pá-am dí-šu-um,"take some tin, 1 talent from the votive gifts, and do not go lower than 10 minas of silver . Take, therefore, a suitable packet of 1 talent of tin and after the day you receive it pay him 10 minas of refined silver promptly."
larsen_sent::26_TC3_92::0000,um-ma A-šur-i-dí-ma a-na A-šur-na-da qí-bí₄-ma mì-šu ša ta-aš-pu-ra-ni um-ma a-ta-ma i-na KÙ.BABBAR-pi-kà DUMU A-lá-hi-im i-ṣa-ba-at ma-nam ha-bu-lá-ku-ma ta-am-giš-ir-tí-ni 2 GÚ AN.NA ku-nu-ki ša A-lim^ki Šu-A-šur ma-ah-ri-kà i-šá-kà-an-ma i-2 ší-ta iš-té-et ta-na-sà-aq-ma 10 ma-na KÙ.BABBAR a-na e-tí-kà ta-šá'-qal,"From Aššur-idī to Aššur-nādā: Why have you written me as follows: Alāhums son will seize some of your silver? To whom do I owe anything, since it was our agreement that Šu-Aššur will place 2 talents of tin under the seal of the City authorities, before you and you will choose one of the two and pay 10 minas of silver promptly."
larsen_sent::26_TC3_92::0001,ù tup-pá-am šu-a-tí Šu-A-šur i-sé-pì-šu,"Moreover, that very tablet Šu-Aššur brought you personally!"
larsen_sent::26_TC3_92::0002,ub-lá-kum mì-šu KÙ.BABBAR,Why should he seize any silver?
larsen_sent::26_TC3_92::0003,ša i-ṣa-bu-tù i-na a-wa-tim,He is depriving you with words.
larsen_sent::26_TC3_92::0004,i-pu-a-kà a-pu-uh' 2 ší-ta šu-uq-le-en iš-té-ta-ma ú-kà-li-im-kà ù ší-it-ma pá-at-ra-at,"Instead of two containers he showed you only one; moreover, that one had been opened!"
larsen_sent::26_TC3_92::0005,šu-ma ma mì-ma a-na a-bí₄-šu ha-bu-lá-ku li-iš-pu-ra-ma a-na a-bí₄-šu a-bu-šu a-na-kam li-iš-ba-ta-ni,"If indeed I owe anything to his father, then let him write to his father, so that his father can seize me here."
larsen_sent::26_TC3_92::0006,a-ma-kam ki-ma ta-le-e-ú AN.NA le-qé-ma ki-ma a-wi-lu-tí-kà e-pu-uš-ma KÙ.BABBAR dí-šu-nu-tí a-ma-kam,"Take what tin you are able to there, and act like a gentleman and give them the silver."
larsen_sent::26_TC3_92::0007,a-wa-tum lá i-šá-me,The matter should not be heard there.
larsen_sent::27_KTB1::0000,um-ma A-šur-i-dí-ma a-na A-šur-na-da qí-bí₄-ma DUMU A-lu-lá-a pá-šu a-na-kam i-dí-nam um-ma Šu-ut-ma i-na e-ra-bí₄-a-ma 6 ma-na KÙ.BABBAR ú-šé-ba-lá-kum 1 ma-na KÙ.BABBAR iš-tí DUMU Puzur₄-Ištar ú KÙ.BABBAR ša Zu-zu ú ša ih-bu-lá-ku-ni i-hi-id-ma i-pá-ni-e-ma,"From Aššur-idī to Aššur-nādā: Alulayas son gave me his word here, saying: As soon as I arrive I shall send you 6 minas of silver. 1 mina of silver is owed by Puzur-Ištars son, and take care to send Zuzus silver as well as what he borrowed from you as soon as possible."
larsen_sent::28_KTB2::0000,um-ma A-šur-i-dí-ma a-na A-šur-na-da qí-bí-ma 5 TÚG ku-tí-nu ša A-šur-be-lá-wa-tim ša i-na ku-nu-uk A-šur-i-mì-tí kà-an-ku-ni ša 13 ma-na.TA i-na A-lim^ki it-bu-lu-ni i-na ba-ab wa-ṣa-i-šu i-nu-mì a-na A-lim^ki ha-ra-šu-ni 2 ma-na 5 GÍN KÙ.BABBAR ṣa-ru-pá-am me-eh-ra-tim dí-šu-um,"From Aššur-idī to Aššur-nādā: As to the 5 kutinu-textiles belonging to Aššur-bēl-awātim which were put under seal by Aššur-imittī, and which cost 13 minas a piece in the City— when he is about to leave on a trip to the City give him as an equivalent 2 minas 5 shekels of refined silver"
larsen_sent::29_KTH2::0000,um-ma A-šur-i-dí-ma a-na A-šur-na-da qí-bí₄-ma iš-tí um-me-a-ni-a,From Aššur-idī to Aššur-nādā: I shall negotiate with my shareholders.
larsen_sent::29_KTH2::0001,a-ta-wu KÙ.BABBAR mì-ma la tù-šé-ba-lam,Do not send me any silver.
larsen_sent::29_KTH2::0002,a-dí 5 u₄-me wa-ar-kà-tám tí-ir-tí la-kà-kum,Within 5 days after this I shall send you word.
larsen_sent::29_KTH2::0003,šu-ma ma-ma-na i-ṣa-ba-at-kà um-ma šu-ut-ma KÙ.BABBAR-áp a-bi₄-kà lá-mì-dí a-lu-um li-dí-ni-ma ú-la-ma-ad-kà,"If anyone should seize you, saying: Inform me of your fathers silver! well, when the City has judged me, then I shall inform you."
larsen_sent::30_Sadberk19::0000,um-ma A-šur-i-dí<ma> a-na A-šur-na-da qí-bí₄-ma 0.5 ma-na KÙ.BABBAR a-na A-šur-kà-šì-id ha-bu-lá-tí 0.33333 ma-na a-na Ša-lim-a-hi-im ha-bu-lá-tí KÙ.BABBAR i-na pá-ni-i-ma,From Aššur-idī to Aššur-nādā: You owe 0.5 mina of silver to Aššur-kāšid; you owe 0.33333 mina to Šalim-ahum; send them the silver as soon as possible.
larsen_sent::30_Sadberk19::0001,šé-bi₄-lá-šu-nu-tí lá ú-ṣa-aḫ-/du-ru-ni,They must not harrass us.
larsen_sent::letter35_CCT3_5b::0001,a-mì-nim KÙ.BABBAR lá tù-šé-bi₄-lá-nim,"Why, then, have you not sent the silver?"
larsen_sent::letter35_CCT3_5b::0002,a-pu-tum: i-pá-ni-i-ma a-li-ki-im 30 ma-na KÙ.BABBAR šé-bi₄-lá-nim,"Please, send 30 minas of silver with the very first traveler."
larsen_sent::letter35_CCT3_5b::0003,a-wi-lu: wa-ar-ki-/a,The men are standing right behind me.
larsen_sent::letter35_CCT3_5b::0004,i-za-zu: a-pu-tum ih-da-ma šé-bi₄-lá-nim,"Please, take care and send it to me!"
larsen_sent::letter36_TC3_91::0000,um-ma A-šùr-i-dí-ma a-na A-šùr-na-da ù A-šùr-ta-ak-la-ku qí-bi-ma 4.33333 ma-na 6 GÍN KÙ.BABBAR KI Ur-ší-šī ITI.KAM Hu-bu-ur li-mu-um Puzur₄-ᵈMUŠ 6 GÍN.TA i-ITI.KAM a-na 1 ma-na-im sí-ib-tám,"From Aššur-idī To Aššur-nādā and Aššur-taklāku <gap> 4.33333 minas 6 shekels of silver owed by Uršiši. Month Hubur, eponymy Puzur-Nirah. He adds interest at the rate 6 shekels per mina per month."
larsen_sent::letter36_TC3_91::0001,ù-ṣa-áb tup-pu-šu ha-ar-mu-um ù 1 ša ku-nu-uk kà-ri-im KI I-dí-Ištar pá-aq-du 2 tup-pu ša 10.5 ma-na 5 GÍN KÙ.BABBAR ša hu-bu-ul Ku-za-zi-im ITI.1.KAM Ma-hu-ur ì-lí li-mu-um Bu-zu-zu,"His certified tablet as well as one sealed by the colony have been entrusted to Iddin-Ištar. 2 tablets concerning 10.5 minas 5 shekels of silver, part of Kuzazums debt; month Mahhur-ili, eponymy Buzuzu."
larsen_sent::letter36_TC3_91::0002,2 ma-na KÙ.BABBAR a-na ITI.5.KAM i-ša-qal ši-tám a-na ŠÈ.1.MU i-ša-qal,"He is to pay 2 minas of silver within 5 months, the remainder he will pay in a year."
larsen_sent::letter36_TC3_91::0003,0.66666 ma-na 5 GÍN KÙ.BABBAR KI Ša-lim-A-šùr ITI.1.KAM Tán-bar-ta li-mu-um Šu-da-a 2 GÍN.TA a-na ITI.1.KAM ù-ṣa-áb 0.66666 ma-na KÙ.BABBAR KI me-er-e En-nam-A-šùr ù A-na-ah-i-lí 0.33333 ma-na KÙ.BABBAR KI A-zu-da DUMU A-šùr-ma-lik,"0.66666 mina 5 shekels of silver owed by Šalim-Aššur; month Tanbarta, eponymy Šudaya. He will pay interest at the rate 2 shekels per month. 0.66666 mina of silver owed by the sons of Ennam-Aššur and Anah-ilī. 0.33333 mina of silver owed by Azuda, the son of Aššur-malik."
larsen_sent::letter36_TC3_91::0004,šu-ma la ù-ša-ak-šì-dí iš-tù ITI.1.KAM Áb «ša» ša-ra-ni 1 ma-na-um 0.33333 ma-na sí-ib-tám ù-ṣa-áb li-mu-um Bu-zu-zu,"If he does not get it to me, he will pay interest at the rate 0.33333 mina per mina , reckoned from the month Ab-šarrāni, eponymy Buzuzu."
larsen_sent::letter36_TC3_91::0005,15 GÍN KÙ.BABBAR ṣa-ru-pu-um KI A-šùr-lá-ma-sí DUMU A-lá-hi-im ITI.1.KAM Tán-bar-ta li-mu-um,"15 shekels of refined silver owed by Aššur-lamassī, the son of Alāhum; month Tanbarta, eponymy Šudaya."
larsen_sent::letter36_TC3_91::0006,Šu-da-a 0.66666 GÍN 15 ŠE.TA i-ITI.1.KAM ù-ṣa-áb tup-pu-šu-nu É Ša-lim-A-šùr ša 7 GÍN KÙ.BABBAR e-pí-šu-um KI Ša-lim-a-hi-im DUMU Šu-Ištar i-na e-lá-i-a-ma i-da-nam 1.33333 ma-na 5 GÍN KÙ.BABBAR KI Šu-Ištar Ší-ik-ma-da ù Sù-kà-lí-a 5 ma-na KÙ.BABBAR KI Zi-kur-lí,"He will pay interest at the rate 0.66666 shekel 15 grains per mina per month. Their tablets are in Šalim-Aššurs house. An epišum- textile worth 7 shekels of silver is owed by Šalim-ahum son of Šu-Ištar. When I come up he will give it to me. 1.33333 mina 5 shekels of silver owed by Šu-Ištar, Šikmada and Sukalliya."
larsen_sent::letter36_TC3_91::0007,0.66666 ma-na KÙ.BABBAR KI Ku-du-na,5 minas of silver owed by Zikur-ilī.
larsen_sent::letter36_TC3_91::0008,ù La-pu-na 3 ma-na KÙ.BABBAR KI ᵈUTU-ba-ni DUMU Puzur₄-Ištar ITI.1.KAM té-i-na-tim li-mu-um Šu-da-a a-na 15 ha-am-ša-tim,"0.66666 mina of silver owed by Kuduna and Lapuna. 3 minas of silver owed by Šamaš-bāni, the son of Puzur-Ištar; month Teinātum, eponymy Šudaya."
larsen_sent::letter36_TC3_91::0009,i-ša-qal 0.5 ma-na KÙ.BABBAR,He is to pay within 15 weeks.
larsen_sent::letter36_TC3_91::0010,KI Ba-al-tù-šar DUMU Sú-ku-hi-im 0.5 ma-na 5 GÍN KÙ.BABBAR,"0.5 mina of silver owed by Baltu-šar, the son of Sukuhum."
larsen_sent::letter36_TC3_91::0011,KI Nu-ur-Ištar hu-ur-dim ša En-nam-a-a 15 GÍN KÙ.BABBAR KI Ku-bi-na-ri 15 GÍN KÙ.BABBAR KI A-lá-hi-im,"0.5 mina 5 shekels owed by Nūr-Ištar, the posthumous son of Ennamaya. 15 shekels owed by Kūbi-nāri."
larsen_sent::letter36_TC3_91::0012,DUMU Sú-kà-li-a a-wa-tum ša Ì-lí-ba-ni gám-ra 3 ma-na KÙ.BABBAR a-hu-ur,"15 shekels of silver owed by Alāhum, the son of Sukalliya. The affairs of Ili-bāni have been cleared up."
larsen_sent::letter36_TC3_91::0013,šu-ma a-hu-a,3 minas of silver remain.
larsen_sent::letter36_TC3_91::0014,a-tù-nu ih-da-ma KÙ.BABBAR šé-bi₄-lá-ni-ma Ili₅-ba-ni lu-šá-bi₄ ša Tap-ki-in-da 3.5 ma-na,"My dear brothers, take care and send me the silver so I can satisfy Ili-bāni."
larsen_sent::letter36_TC3_91::0015,a-hu-ur,Of Tapkinda: 3.5 minas remain.
larsen_sent::37::0000,na-áš-a-ku-nu-tí,is on his way to you.
larsen_sent::37::0001,lu AN.NA lu TÚG.HI.A ma-la i-na É.GAL-lim i-za-ku-ú-ni-ni a-na A-šùr-ta-ak-la-ku pí-qi-id-ma a-šar KÙ.BABBAR 1 GÍN ba-la-ṭí-a,"Entrust both the tin and the textiles, as many as are cleared in the palace, to Aššur-taklāku and let him bring it to where there is even a single shekel of profit for me."
larsen_sent::37::0002,lu-bi-il₅ ù tí-ir-ta-kà,And do send me word.
larsen_sent::37::0003,li-li-kam šu-ma la-šu a-šar wa-áš-bu šé-bi-il₅-šu-um,"If he is not there, then send it to him where he is."
larsen_sent::37::0004,I-dí-Ištar a-ṣé-er iš-ta-/ri-qí-ni <gap> a-na É a-bi₄-im il₅-qé-a-ni-ma ù É ip-lu-uš-ma e*-ta-ba-/at,"As to Iddin-Ištar—not only has he continually robbed me, he took me to the office of the firm, and then he broke into the house and absconded!"
larsen_sent::37::0005,I-dí-Ištar ṣa-áb-ta-/ma 3 ma-na KÙ.BABBAR i-na KÙ.BABBAR-šu ša-áš-qí-la-šu-ma šé-bi₄-lá-nim-ma ù lu-mu-un li-bi₄-a la-ap-tur₄-šu-um,"Seize Iddin-Ištar and have him pay 3 minas of silver out of his own silver, and send him to me so I can release my anger on him!"
larsen_sent::37::0006,TÚG.HI.A ma-la a-na ni-kà-ší-a ta-ta-dí-a-ni ša'-li-ṭá-ma lu KÙ.BABBAR ma-lá na-ad-a-ku-ni šu-up-ra-/nim <gap>,"Take charge of whatever textiles you have deposited on my account, and write to me about how much silver I have been booked for."
larsen_sent::letter37_CCT4_2b::0000,um-ma A-šùr-i-dí-ma a-na A-šur-na-da ù A-šur-ta-ak-la-ku qí-bi-ma 2 GÚ 10 ma-na AN.NA ku-nu-ku 34 TÚG ku-ta-/nu 2 ANŠE.HI.A ṣa-la-mu 0.66666 ma-na KÙ.BABBAR ù 6 ma-na AN.NA a-na qá-ti-šu ki-ma AN.NA ILLAT i-ša-ku-nu a-na KÙ.BABBAR AN.NA li-iš-ku-na-ku-nu-tí sá-ri-dum ig-re-šu ša a-dí Hu-ra-ma ša-bu mi-ma a-nim Šu-li DUMU Puzur₄-A-šur,"From Aššur-idī to Aššur-nādā and Aššur-taklāku: 2 talents 10 minas of tin under seal, 34 kutanu-textiles, 2 black donkeys, 0.66666 mina of silver and 6 minas of tin for his expenses— he must calculate for you the value of the tin in silver using the rate which is established by the enterprise— as for the donkey-driver, his wages have been paid for the stretch until Hurama— with all this Šuli son of Puzur-Aššur"
larsen_sent::letter38_KUG_28::0000,um-ma A-šùr-i-dí-ma a-na A-šùr-na-da ù A-šùr-ta-ak-lá-/ku qí-bi-ma a-na A-šùr-na-da qí-bi₄-ma 0.5 ma-na KÙ.BABBAR ša ik-ri-be-kà ša A-šùr,From Aššur-idī to Aššur-nādā and Aššur-taklāku: to Aššur-nādā: You have sent me 0.5 mina of silver from your votive offerings for divine Aššur.
larsen_sent::letter38_KUG_28::0001,tù-šé-bi₄-lam 4 ku-ta-ni,They are bringing to you 4 kutānu-textiles.
larsen_sent::letter38_KUG_28::0002,na-aš-ú-ni-kum 3 GÍN KÙ.BABBAR a-qá-tí-šu a-dí-in AN.NA ki-ma i-ša-ku-nu-ni li-iš-ku-na-kum,"I gave 3 shekels for his expenses, Let him establish the tin for you at the same rate they use ."
larsen_sent::letter38_KUG_28::0003,Šu-Nu-nu na-aš-a-kum a-na A-šùr-ta-ak-lá-ku qí-bi₄-ma 0.5 ma-na 5 GÍN KÙ.BABBAR ša ik-ri-be-kà ša A-šùr tù-šé-bi₄-/lam,Šu-Nūnu brings it to you. To Aššur-taklāku: <gap> You sent me 0.5 mina 5 shekels of silver from your votive offerings to divine Aššur.
larsen_sent::letter38_KUG_28::0004,ni-is-ha-ṣú ú-sa-he-er-ma <gap> ù ší-ti KÙ.BABBAR <gap><gap>?-in break <gap>-ni-ni <gap>x⁷ za-ki-a-ma <gap> KÙ.BABBAR i-pá-ni-e-ma,I have deducted its [import] duty and <gap> and the rest of the silver <gap> break <gap> Clear it and send the silver to me with the first traveler.
larsen_sent::letter38_KUG_28::0005,a-li-ki-im šu-up-ra-nim a-na A-šùr-ta-ak-lá-ku qí-bi₄-ma šu-ma a-hi a-ta ší-tí lu-qú-tim ša šé-pí-kà za-ki-a-ma šé-bi₄-lá-ma a-dí ša-ah-ra-tí-ni li-ba-al-ki-it-ma KÙ.BABBAR 1 GÍN li-bi-tám lu-qú-tám wa-ar-ki-tám,"To Aššur-taklāku: If you are truly my brother, clear the remainder of the goods transported by you and send it to me, and let it be shipped while you are delayed so every shekel of silver is active for me."
larsen_sent::letter38_KUG_28::0006,ša ú-šé-bi₄-lá-ku-ni aš-pu-ra-kum um-ma a-na-ku-ma KÙ.BABBAR a-na É A-lim^ki a-ša-qal i-hi-id-ma KÙ.BABBAR šé-bi₄-lam,"I wrote you about the later shipment I sent to you, saying: I have to pay the money to the City Hall."
larsen_sent::letter38_KUG_28::0007,<gap>,Take care and send me the silver.
larsen_sent::letter39_CCT3_4::0000,um-ma A-šùr-i-dí-ma a-na A-šùr-na-da ù A-šùr-ta-ak-lá-ku qí-bi-ma <gap> 2 GÚ 10 ma-na AN.NA ku-nu-ku 2 ANŠE.HI.A ṣa-la-mu 30 TÚG ku-ta-nu 4 TÚG: šu-ru-tum ša li-we-tim kà-áb-tù-tum 16* ma-na AN.NA a-qá-tí-šu a-dí-in 1 TÚG ra-qú-/tum 1 TÚG ša Ta-tur₄-a-li-ša 1 TÚG ša DINGIR-šu-GAL mi-ma a-nim LUGAL-IM ub-la-ku-nu-tí,"From Aššur-idī to Aššur-nādā and Aššur-taklāku: <gap> 2 talents 10 minas of tin under seal, 2 black donkeys, 30 kutānu-textiles, 4 black, heavy textiles for the wrapping— I gave 16 minas of tin for his expenses—1 thin textile, 1 textile belonging to Tātur-ališša, 1 textile belonging to Ilšu-rabi—all this Šar-Adad brought to you."
larsen_sent::letter39_CCT3_4::0001,a-na A-šùr-ta-ak-la-ku qí-bi-ma lu-qú-tám a-ni-tám za-ki-ma šu-ma a-hi a-ta i-na iš-tí-in a-li-ki-/im,"To Aššur-taklāku: Clear these goods , and, as you are my brother, send me silver with the very first caravan."
larsen_sent::letter39_CCT3_4::0002,KÙ.BABBAR šé-bi-lam li-bi,Do not make me angry!
larsen_sent::letter39_CCT3_4::0003,lá tù-lá-ma-an i-hi-id me-eh-ra-tim i-ra-mi-/hi-kà šé-bi-lam,Take care to send me the corresponding amount out of your own funds.
larsen_sent::letter39_CCT3_4::0004,26 TÚG ku-ta-nu 1 ANŠE ṣa-la-mu-um 5 ma-na AN.NA i-a-ú-tum mi-ma a-nim Šu-Nu-nu ub-la-ku-nu-tí,"26 kutānu-textiles, 1 black donkey, 5 minas of tin, my personal property, all this Šu-Nūnu brought to you."
larsen_sent::letter39_CCT3_4::0005,2 GÚ 10* ma-na AN.NA ku-nu-ku 35 TÚG ku-ta-nu 2 ANŠE ṣa-la-mu 6 ma-na AN.NA ù 0.66666* ma-na KÙ.BABBAR a-qá-tí-šu mi-ma a-nim i-a-um Ku-ru-ub-Ištar na-aš-a-ku-nu-tí AN.NA ù TÚG.HI.A ma-la i-na É.GAL-lim i-za-ku-a-ni a-na A-šùr-ta-/ak-la-ku dí-in: šu-ma A-šùr-ta-ak-la-ku la-šu a-šar wa-áś-bu šé-bi-il₅-šu*,"2 talents 10 minas of tin under seal, 35 kutānu-textiles, 2 black donkeys, 6 minas of tin plus 0.66666 minas of silver for his expenses—with all this, my personal property, Kurub-Ištar is on his way to you. Give the tin and the textiles, as many as are cleared in the palace, to Aššur-taklāku; If Aššur-taklāku is not there, then send it to him where he is."
larsen_sent::letter39_CCT3_4::0006,lu-qú-tum ma-la iz-ku-a-ni ṭup-pá-am šé-bi-lam,Send me a letter about the goods that are cleared.
larsen_sent::letter39_CCT3_4::0007,a-na A-šùr-ta-ak-la-ku qí-bi-ma i-na Bu-ru-úš/-ha-dim kà-ra-am lá tù-ṣa-áb i-nu-mi té-ru-bu a-lá-an 10 u₄-me la tù-ṣa-áb šú-ha-ra-tim a-tal-/kà-nim a-tal/kà-nim,"To Aššur-taklāku: In Burušhaddum you should not stay in the colony; when you arrive, do not stay more than 10 days. Ask for the girls; clear yourselves and set out to come here personally."
larsen_sent::letter40_TC3_88::0000,um-ma A-šùr-i-dí-ma a-na A-šùr-na-da ù? Ì-lí-a-lim qi-bi₄-ma ? i-na ba-áb ha-ra-ni-kà aq-bi₄-a-kum um-ma a-na-ku-ma ú-za-kà-ma a-šà-pá-ra-kum ú-za-ki-ma a-wa-at DINGIR-lí da-na,"From Aš[šur-idī] to Aššur-nādā and Ilī-ālum: When you were about to leave I said to you: When I have cleared myself of obligations, I shall write to you. I have now cleared myself, and the words of the gods are urgent."
larsen_sent::letter40_TC3_88::0001,a-pu-tum i-na u₄-mì-im ša ṭup-pá-am ta-šà-me-a-ni É-tí 2 GEMÉ.HI-tí-kà ki-lá al-tì-ma ù té-i-tí-in ki-lá-al-lí-tí-ma a-na ší-mi-im dí-na-ma KÙ.BABBAR šé-bi₄-lam⁷ ù,"Please, the very day you hear this letter you must offer for sale the houses, both of your slave-girls and both of the grinding-girls, and then send me the silver!"
larsen_sent::letter40_TC3_88::0002,É-tám ag-ra-ma ta-áš-ba ù šu-ma ša-i-mu-um lá-šu a-tù-nu ší-a ma-a É-tám ag-ra-ma ta-áš-ba,"Then you must rent a house and settle there. Further, should there be no purchaser, you must still leave . Indeed, you must rent a house and settle there!"
larsen_sent::letter40_TC3_88::0003,a-pu-tum a-pu-tum a-na a-wa-at ṭup-pì-im ih-da,"Please, please, pay heed to the words of the letter!"
larsen_sent::letter40_TC3_88::0004,kà-lá-ma dí-na šu-ma la ta-dí-na a-wa-at DINGIR-lí da-na ta-ha-li-qá,Sell everything! If you have not sold —as the words of the gods are urgent—you will perish!
larsen_sent::letter40_TC3_88::0005,lu KÙ.BABBAR 1 ma-na et-qá-ma dí-na-ma tí-i-ir-ta-ku-nu i-pá-ni-ú-tí-ma,Do strive to give me every mina of silver and send word to me as soon as possible.
larsen_sent::letter40_TC3_88::0006,li-li-kam ù šú-ha-rí¹ a-sé-er É {<gap> šu ma}⁷ tù-ru-ud <gap> NINDA lá ma′ <gap> a-na <gap> li-ip-tí-šu nu-ta-ra-kà-ma DUMU Kà-ri-a li-<gap> ša 1 ma-na KÙ.BABBAR iš-qú-lu DINGIR-lí be-el KÙ.BABBAR,"Also, send my servant to the house of <gap> Bread <gap> for <gap> we shall return to you, and Karriyas son who has paid 1 mina of silver. My god is the owner of the silver."
larsen_sent::letter47_TC1_2::0001,ú-šé-bi₄-il₅ um-ma a-na-ku-ma ni-is-ha-/tim ù ša-du-a-/tám ra-dí-a-ma a-na a-bi₄-ni ù ša ki-ma A-lá-hi-im šé-bi₄-lá a-bi₄ a-ta be-li a-ta a-na mì-ma KÙ.BABBAR ù GUŠKIN ša uš-té-bi₄-lá-ku-ni mì-iš-lam₅ AN.NA SIG₅ wa-at-ra-am mì-iš-lam TÚG.HI.A,"I said: Add the import duty and the transport tariff and send it to our father and Alāhums representatives. If you are truly my father and lord, for all the silver and gold I have sent you buy half tin of extraordinary quality and half textiles."
larsen_sent::letter48_TC1_15::0000,a-na A-šúr-i-dí qí-bi-ma um-ma A-šúr-na-da-ma a-na šu-mì ni-kà-sí-a / a-dí iš-ri-šu ta*-aq*-bi₄-a-am um-ma a-ta-ma i-na KÙ.BABBAR-pì-a šu-qú-ul ù i-na ša-am-ší ú-ṣí-a-ni um-ma a-na-ku/ma lá-áš-hu-ut um-ma a-ta-ma lá ta-ša-ha-at a-na mi-ni-a: a-na-ku ú-ša-zi-iz,To Aššur-idī from Aššur-nādā: With respect to my account you told me 10 times: Pay with my silver. And the day I left I said: Let me clear it. You answered: Do not clear it! For which of my affairs have I personally appointed someone to represent me?
larsen_sent::letter48_TC1_15::0001,ù ki-ma lu-mu-un li-bi₄-im a-ni-a-/tim ta-ša-pá-ra-am A-šúr ù dNIN.ŠUBUR li-tù-lá i-šu qá-tí-a ú-lá-qí-it-ma 3.5 ma-na 4 GÍN KÙ.BABBAR ṣa-ru-pá-am a-na ni-ip-lá-ti-a ša 16 ma-na.TA,"Also, instead of sending these angry messages, let Aššur and Ilabrat be my witnesses that I have scraped together what I had in my possession, and that I did pay 3.5 minas 4 shekels of refined silver for my balance payment, amounting to 16 minas each."
larsen_sent::letter49_LB_1231::0000,a-na A-šúr-i-dí qí-bi₄-ma um-ma A-šúr-na-da-ma 40 ma-na AN.NA ša 0.5 ma-na KÙ.BABBAR hu-ša-e: 'e'-li-a-tim ša 0.33333 ma-na KB <gap>-ú-tim 13.33333 ma-na <gap>.1 DUG ri-iš-tum 19 <gap> <gap> <gap> <gap> <gap>,"To Aššur-idī from Aššur-nādā: 40 minas of tin, representing 0.5 mina of scrap silver, top-packs for 0.33333 mina of silver <gap> 13.33333 minas <gap> 1 jar of first-class oil 19 <gap> <gap> ."
larsen_sent::letter49_LB_1231::0001,0.66666 ma-na 'mu-ṭá-e' <gap> iš-tù: AN.NA-ak qá-tim qám-ru 0.33333 ma-na: 1 GÍN AN.NA ta-na-pá-al 2 ma-na KÙ.BABBAR ša Zu-zu: ha-bu-lá-ku-ni 1 ma-na KÙ.BABBAR ša ta-˹ah-bu˺-lá-ni 5 GÍN KÙ.BABBAR šé-bu-ul-ta-kà 3 GÍN KÙ.BABBAR a-na um-mi-ni ù Pá-ru-<ur->tim ni-is-ha-sú DIRI ša-du-a-sú ša-bu-ú DUMU I-li-tú-ra-am na-aš-a-kum 1.33333 ma-na / 5 GÍN 'KÙ.BABBAR' En-um-Be-lúm DUMU Šu-Lá-ba-an<gap> šu-ma TÚG.HI.A: lá-qá-am<gap> ša-ma-ma: i-na <gap> / šé-bi₄-lam a-šu-mì ša<gap> áš-ta-na-pá-ra-ku-ni<gap> / ú-lá <gap>,"0.66666 mina losses <gap> after the tin for expenses has been spent, you will have to compensate 0.33333 mina 1 shekel of tin, 2 minas of silver which Zuzu owes to you, 1 mina of silver which you borrowed from me, 5 shekels of silver, your dispatch, 3 shekels of silver for our mother and Parrurtum, its import duty added, its transport tariff paid, Ili-tūrams son brings that to you; Ennam-Bēlum son of Šū-Laban <gap> 1.33333 mina 5 shekels of silver; <gap> if he [refuses] to take the textiles <gap> buy. In <gap> send me. Concerning what <gap> I keep writing to you about, <gap> do not <gap>"
larsen_sent::letter52_TC2_47::0000,um-ma A-šur-na-da-/ma a-na Ší-ša-ah-šu-/šar qí-bi-ma 55 ma-na Ì.KAL ša hu-zi-ri-im nu-hu-um ku-nu-ki-a ù na-ru-tum ša e-ru-bu dUTU-ba-ni na-aš-a-ki-im,"From Aššur-nādā to Šīšahšūšar: <gap> 55 minas of lard, a leather pouch under my seal, plus the narūtu-malt that has arrived, Šamaš-bāni is on his way to you with that."
larsen_sent::letter54_VS26_19::0000,um-ma A-šur-na-da-ma 'a-na' A-šur-ta-ak-/lá-ku ù Ši-ša-ah-šu-šar qí-bi-ma mì-šu ša um-ma a-tí-ma e-lá 20 na-ru-uq GIG ù 15 na-ru-uq še-im ša Ku-tù-bi₄-iš i-dí-na-ni mì-ma ša-ni-um lá-šu a-li 40 ma-na ni-ga-lu 2.5 ma-/na AN.NA ša a-na Ša-na-a Ì-lí-šar ù Hu-lu-/ba,From Aššur-nādā to Aššur-taklāku and Šišahšušar: <gap> Why is it that you say: Apart from 20 sacks of wheat and 15 sacks of barley that Kutubiš gave me there is nothing else ! Where are the 40 minas of sickles the 2.5 minas of tin which Ili-išar and Huluba brought to Šana?
larsen_sent::VS26_20::0001,e-sí: ù qá-nu-e ti-ša-a-ma ša GUD.HI.A ša-da-dim li-iš-du-du-nim ša a-ma-kam-ma ša ma-zi-re-e ma-lá-hi ù ha-ba-/ša-tim ša-mì,"Buy fire-wood and reeds, and have the oxen haul as much of what is there as they can; Buy malahum and habāšatum utensils for the mazīru tin."
larsen_sent::CCT3_9::0000,a-na A-lá-hi-im E-me-me ù A-šùr-ta-ak-lá-ku qí-bi-ma um-ma A-šùr-na-<da->-ma iš-tù: '11'? 0.33333 ma-na 5 GÍN <gap> KÙ.BABBAR qá-tí 7.33333 ma-na qá-tí a-bi₄-ni za-am-ru 18 ku-ta-ni 5 TÚG šu-ru-tum É kà-ri-im na-ad-a-ku-ma lá za-am-ru 10 ku-ta-ni ù 4 TÚG šu-ru-tim É wa-áb-/ri-ni e-zi-ib ŠÀ.BA 4 ku-ta-ni i-qá-tí Ù-ṣú-ur-ša-A-šur i-na-dí-/ú-ma KÙ.BABBAR a-qá-tim ša a-bi₄-ni i-tá-hi kà-ru-um i-dí-na-šu,"To Alāḫum, Ememe and Aššur-taklāku from Aššur-nādā: After my account and our fathers account had been recorded at 11.33333 minas 5 shekels and 7.33333 minas respectively, I have been booked for 18 kutānu-textiles and 5 black textiles in the colony office, but these were not recorded. 10 kutānu- textiles and 4 black textiles I left in our guest-house. Thereof they will deposit 4 kutānu-textiles on Uṣur-ša-Aššurs account, but the silver will be transferred to our fathers account. The colony has given it to me."
larsen_sent::CCT3_9::0002,<gap> URUDU <gap> GÍN 15? 0.5 ŠE KÙ.BABBAR <gap>-ší 2 ma-na KÙ.BABBAR ṣa-ru-pá-am qá-tí ┐ù¹ qá-tí a-bi₄-ni a-dí-ma ┐ù¹ 28.66666 ma-na 7.5 /GÍN ┐KB¹ ša ILLAT-at Pu-šu-ki-in 30 ma-na TA* ŠÍG.HI.A,"<gap> copper <gap> shekels 15.5 grains of silver <gap> I deposited 2 minas of refined silver on my account and on our fathers account, so that 28.66666 minas 7.5 shekels of silver is from Pūsu-kēns enterprise: at 30 minas wool."
larsen_sent::CCT3_9::0005,i-mì-ma a-nim 2.5 ma-na KÙ.BABBAR ┐ù¹ <gap> ṣí-ba-tí-šu ša A-zu ša-bi₄-a 20+<gap> ni-ga-li ù 2 ma-na <gap> ┐1 ma'-na a-na ú-tí-tim {<gap>} ša-dí-na,Have paid in full out of all this 2.5 minas of silver plus interest belonging to Azu. 20+ <gap> sickles plus 2 minas <gap> Have paid 1 mina for grain.
larsen_sent::31_CCT3_48a::0000,um-ma A-šur-i-dí-ma a-na A-šur-na-da qí-bi₄-ma ma-lá túp-pì-/im ša Šu-Ku-bi₄-im ša a-šu-mì šú-ha-ri-im KÙ.BABBAR ša tù-dì-/tí-im ha-bu-lu 8 GÍN KÙ.BABBAR ṣa-hi-ir-ma ší-tám i-na ú-/mì-im ša e-ra-ba-ni šá-áṣ-qí-il₅-šu-ma šé-bi₄-lam a-pu-/tum šá-áṣ-qí-il₅-šu,"From Aššur-idī to Aššur-nādā: In accordance with Šu-Kūbums tablet according to which on account of the servant he owes silver for a fibula, deduct 8 shekels of silver and make him pay the rest the very day he arrives, and send it to me. Please, make him pay."
larsen_sent::31_CCT3_48a::0001,I-dí-dUTU ṭur₄-da-nim,Send me Iddin-Šamaš.
larsen_sent::32_TC3_89::0000,um-ma A-šur-i-dí<ma> a-na A-šur-na-da Ì-lí-a-lim ù A-šur-ta-ak-lá-ku qí-bí₄-ma 12 ma-na KÙ.BABBAR DUMU A-lu-lá-a ha-bu-lam,"From Aššur-idī to Aššur-nādā, Ili-ālum and Aššur-taklāku: Alulayas son owes me 12 minas of silver."
larsen_sent::32_TC3_89::0001,ṣa-áb-ta-šu-ma KÙ.BABBAR ša-áš-qí-lá-šu,Seize him and make him pay the silver.
larsen_sent::32_TC3_89::0002,šu-ma lá-šu : a-šar wa-aš-bu : i-šú-ha-ri-a šù-up-ra-šu-ma KÙ.BABBAR lu-ša-áš-qí-il₅-šu,"If he is absent, then write to him by means of one of my servants to where he is staying, so he can make him pay the silver."
larsen_sent::32_TC3_89::0003,šu-ma ú-mu-šu a-hu-ru ma-lá ta-ar-ki-is-tí-/šu KÙ.BABBAR li-ik-nu-uk,"If his term is not up yet, then have him seal the silver in accordance with his contract."
larsen_sent::32_TC3_89::0004,a-na ša ki-ma šu-a-tí ù i-a-tí lu-šé-bi₄-lá-ma ší-ma-am lu ni-iš-am-šu,"Let him send it to his representatives and to me, so we can purchase goods for him."
larsen_sent::33_CCT3_3b::0000,um-ma A-šur-i-dí-ma a-na A-šur-na-da Ì-lí-a-lim ù A-šur-ta/ak-la-ku qí-bí-ma mi-šu ša a-hu-ku-nu iš-tù 2 ša-na-at ma-ar-šu-ma ù ta-ta/kà-la-šu-ni,"From Aššur-idī to Aššur-nādā, Ili-ālum and Aššur-taklāku: How come that your brother has been ill for 2 years now, but you have held him back?"
larsen_sent::33_CCT3_3b::0001,a-pu-tum i-nu-mi-im ša tùp-pá-/am ta-ša-me-a-ni šù-pu-ra-ma li-tal-kam,"Please, on the very day you hear this letter you must write and let him come."
larsen_sent::33_CCT3_3b::0002,20 ma-na KÙ.BABBAR Ì-lí-a-lúm li-ik-nu-kam ù 8 ma-na KÙ.BABBAR a-ha-ma ša ma-na-ah-tí É?-tim ša ha-bu-lu,Have Ili-ālum seal 20 minas of silver for me and let him send me furthermore the 8 minas of silver that he owes on the maintenance of the house.
larsen_sent::33_CCT3_3b::0003,lu-šé-bi₄-lam ù A-šur-/na-da ma-la i-kà-šu-du li-ik-nu-uk-ma lu-šé-bi₄-lam i-na,Have also Aššur-nādā seal as much as he makes and send it to me.
larsen_sent::33_CCT3_3b::0004,pá-ni-im-ma a-li-ki-/im A-šur-ta-ak-la-ku,Send Aššur-taklāku with the very first travelers.
larsen_sent::33_CCT3_3b::0005,ṭur₄-da-nim i-da-áš-e Ì-lí-a-lúm lu-úš-a-am,Let Ili-ālum leave in the spring.
larsen_sent::33_CCT3_3b::0006,a-na A-šur-na-da qí-bí-ma 11 ma-na AN.NA ša A-la-hi-im i-ma-ṣa-ar-tim,To Aššur-nādā: Your forgot 11 minas of tin belonging to Alāhum in the safe when you left.
larsen_sent::33_CCT3_3b::0007,tám-ší-ma té-zi-ib KI a-li-ki,We shall send it with travelers.
larsen_sent::33_CCT3_3b::0008,nu-šé-ba-la-šu 40+<gap> ma-na «AN.NA» AN.NA ù 0.66666 ma-na KÙ.BABBAR <gap> im ki-ma 10 ma-na AN.NA a-qá-<tí->a,40+[ <gap> minas of] tin and 0.66666 minas of silver <gap> instead of 10 minas of tin for my share.
larsen_sent::letter41_TC3_87::0000,um-ma A-šùr-i-dí a-na Ì-li-a-lim A-šùr-ta-ak-lá-ku qí-bi₄-ma a-na Ì-li-a-lim qí-bi₄-ma ši-ni-šu wa-dí té-pu-ša-ni a-ni ta-áś-li-/ša-ni,"From Aššur-idī to Ilī-ālum and Aššur-taklāku; to Ilī-ālum: You know, twice you did this to me; now you have done it a third time!"
larsen_sent::letter41_TC3_87::0001,be-el-kà ta-áp-lá-ah-ma KÙ.BABBAR lá <tù->šé-bi₄-lá-am a-li-ku,Did you respect your lord when you did not send me the silver?
larsen_sent::letter41_TC3_87::0002,a-dí ši-ni-šu i-li-ku-ni-/ma ú-lá ta-al-qé-ma 10 ma-na KÙ.BABBAR lá <tù->šé-bi₄-lam,"Travelers have come here at least twice, but you had acquired nothing and you have not sent me the 10 minas of silver."
larsen_sent::letter41_TC3_87::0003,ša 1 ma-na.TA ù 0.5 ma-na wa-ar-ki-a i-ṣá-hu-ru,For every mina or half mina they prowl around me.
larsen_sent::letter41_TC3_87::0004,a-ma<-kam> Ú-šú-ur-ša-A-šur,Ask Usur-ša-Aššur there!
larsen_sent::letter41_TC3_87::0005,ša-il₅ a-pu-tum i-na a-li-ki-im ší-ti KÙ.BABBAR-pì-a,"Please, send the rest of my silver with the caravan!"
larsen_sent::letter41_TC3_87::0006,šé-bi₄-lam 40 ma-na-e-em A-šur li-tù-ul ṣi-ib-tám lá a-ga-mi-lu-kà ša iš-tù ITI.KAM Ma-hu-ur-DINGIR li-mu-um I-di-A-šur DUMU Ku-bi-dí lu-qú-tám ša šé-pí-/kà za-ki-ma tí-ib-a-ma,"With respect to the 40 minas— I take divine Aššur as witness that I shall not make any concessions to you regarding interest, which runs from the month Mahur-ilī, eponymy Iddin-Aššur, the son of Kubī-idī. Clear the goods from your own caravan, set out and come here."
larsen_sent::letter41_TC3_87::0007,a-tal-kam ù A-šur-ta-ak-lá-ku lu-qú-šú lu-za-ki-ma li-it-bi₄-a-ma li-tal-kam a-na ha-ar-pè,"Also, Aššur-taklāku must clear his goods, set out and come here —before harvest."
larsen_sent::letter42_TC1_47::0000,um-ma A-šùr-i-dí-ma a-na A-šur-ta-ak-lá-ku qí-bi₄-ma 3 TÚG ra-qá-tum 2 TÚG ší-li-ip-ki-ú 4 TÚG ta-ku-uš-ta-ú 2 TÚG lu-bu-šu ŠUNIGIN¹ 11 TÚG.HI.A 1 ma-na 0.83333 GÍN KÙ.BABBAR,"From Aššur-idī to Aššur-taklāku; 3 thin textiles, 2 šilipkū-textiles, 4 takuštāu-textiles, 2 garments—in all 11 textiles, cost 1 mina 0.83333 shekel of silver."
larsen_sent::letter42_TC1_47::0001,it-bu-lu 0.5 GÍN wa-ší-tum,0.5 shekel: export duty.
larsen_sent::letter42_TC1_47::0002,0.33333 GÍN ši-im na-ru-qí-im,0.33333 shekel: the price of a sack.
larsen_sent::letter42_TC1_47::0003,2 ma-na AN.NA a-na qá-tí-šu 17 GÍN.TA KÙ.BABBAR-áp-šu 7 GÍN,"2 minas of tin at his disposal—at the rate 17 to 1, in silver 7 shekels."
larsen_sent::letter42_TC1_47::0004,GUŠKIN-kà lá ta-dí-in,Your gold was not sold.
larsen_sent::letter42_TC1_47::0005,<um-ma> a-ta-ma iš-tù wa-ar-ki-ú-tim ú-šé-ba-lá-kum GUŠKIN lu ša ma-i-šu lu ku-bu-ur-ši-nu-um ma-ma-an i-na ba-ri-ku-nu lá ú-šé-ba-lá-am šu-ma GUŠKIN pá-ša-lúm SIG₅ šé-bi₄-lá-nim mi-ma,"You said: I shall send it to you as soon as possible. Noone among you should send me any alluvial gold or any kuburšinnu-gold; if the pašallu-gold is of good quality, then send me some."
larsen_sent::letter42_TC1_47::0006,a-nim ⁶UTU-ba-ni ù DINGIR-šu-ra-bi₄ na-aš-ú-ni-ku-nu-ti,All this Šamaš-bāni and Ilšu-rabi are bringing to you.
larsen_sent::letter42_TC1_47::0007,lu-qú-tám ša a-dí-na-ku-ni ù lu-qú-ut 1 GÚ-tim a-ni-tim za-ki-a-ma tí-ib-a-ma a-tal-kam,"As to the goods which I gave to you and the goods from this one load, clear it, set out and come here."
larsen_sent::letter43_KTS1_2b::0000,um-ma A-šùr-i-dí-ma a-na A-šur-ta-ak-lá-ku qí-bi₄-ma a-ni-kà-ši-a i-na a-li-ki-im tí-ir-ta-kà a-na a-hi-kà li-li-ik-ma ša-zi-za,"From Aššur-idī to Aššur-taklāku: With respect to my account, send word to your brothers with the travelers to make them stand ."
larsen_sent::letter43_KTS1_2b::0001,a-šú-mi KÙ.BABBAR 1 GÍN ša a-dí-na-ku-ni lu ša um-mì-kà a-dí-na-ku-ni me-eh-ra-tim a-na um-mì-kà a-dí-in KÙ.BABBAR a-na i-a-im,"Concerning the silver I gave you, every shekel, as well as what I gave to you of your mothers, I have given a corresponding amount to your mother."
larsen_sent::letter43_KTS1_2b::0002,i-tù-ar šu-ma kà-ru-um i-ṣa-ni-kà,The silver has now become mine.
larsen_sent::letter43_KTS1_2b::0003,um-ma a-ta-ma KÙ.BABBAR a-šú-mi a-bi₄-a-ma ù-ša-ab-ša-al ma-ma-an lá ta-za-kà-ar ú ša-du-a-tám lá ta-na-dí šu-ma ú-ša-az-ku-ru-kà,"If the colony puts pressure on you, just say: I shall deal with the silver on behalf of my father. Do not mention anybodys name, and do not deposit any transport tariff."
larsen_sent::letter43_KTS1_2b::0004,zu-ku-ur ú i-na né-mì-lim ú-lá ta-kál,"If they force you to mention , then do so, but you will not share in the profit."
"larsen_sent::TC_3,_93::0010",ù a-wa-at i-lí iš-té-me li-ba-kà lá ú-lá-mì-in,He cannot have made you angry. <gap>
larsen_sent::letter54_VS26_19::0004,um-ma A-šur-na-da-ma 'a-na' A-šur-ta-ak-/lá-ku ù Ši-ša-ah-šu-šar qí-bi-ma mì-šu ša um-ma a-tí-ma e-lá 20 na-ru-uq GIG ù 15 na-ru-uq še-im ša Ku-tù-bi₄-iš i-dí-na-ni mì-ma ša-ni-um lá-šu a-li 40 ma-na ni-ga-lu 2.5 ma-/na AN.NA ša a-na Ša-na-a Ì-lí-šar ù Hu-lu-/ba,From Aššur-nādā to Aššur-taklāku and Šišahšušar: Why is it that you say: Apart from 20 sacks of wheat and 15 sacks of barley that Kutubiš gave me there is nothing else ! Where are the 40 minas of sickles the 2.5 minas of tin which Ili-išar and Huluba brought to Šana?
larsen_sent::44_CCT4_10a::0000,a-na A-šur-i-dí qí-bi₄-/ma um-ma A-šur-na-da-ma 6 ma-na KÙ.BABBAR sa-ru-pá-am ša-du-a-sú ša-bu ša na-ru-qí-kà ku-nu-ki-a A-šur-dan na-aš-a-ku-um,"To Aššur-idī from Aššur-nādā: Aššur-dān is on his way to you with 6 minas of refined silver, its transport tariff paid, from your joint-stock capital and under my seal."
larsen_sent::44_CCT4_10a::0001,3 GÍN KÙ.BABBAR wa-sí-sú ša-bu ni-iš-pu-ra-kum i-na še-ep : Šu-dIM um-ma né-nu-ma : a-dí 10 u₄-me a-li-ku : a-dí ší-ni-šú ù : ša-lá-šú ri-lu-ku-ni?* ma a-ni-ma 5 ma-na TA KÙ.BABBAR nu?-na-ša-ra-kum wa-ar-ki-šu-nu-ma sí-kà-tùm ú-sí-ú-ma* ma-hi-ru-um pá-ru-ud-ma i-na re-eš₁₅ ba-áb-tim ú-lá na-aṭ-ú-ma : pá-am*,"3 shekels of silver, its export-duty, he has been paid. We wrote to you transported by Šū-Adad, saying: Within 10 days travelers will come here two or three times, so now we shall set aside for you 5 minas each time. But after they had left the sikkātum went out and the market is disturbed so we are not in a position to fulfil our promise given when the goods were commissioned."
larsen_sent::44_CCT4_10a::0002,ú-lá nu-ma-lá KÙ.BABBAR-pu da-nu : a-na KÙ.BABBAR ma-dim e ta-ad-gu-sú,Silver is hard to get. Do not expect a lot of silver.
larsen_sent::44_CCT4_10a::0003,ši-mu ba-at-qú-ma Ìlī-a-lam₅* a-na Wa-ah-šu-ša-na,"Prices being low, I have sent Ilī-ālum to Wahšušana."
larsen_sent::44_CCT4_10a::0004,at-ru-sú i-na KÙ.BABBAR a-/nim 4 ma-na KÙ.BABBAR KI Šu-A-num al-qé-ma tup-pá-am ha-ar-ma-am ša ku-nu-ki-/a šu-ut il₅-qé ša a-na 1 ma-na GUŠKIN ša i-na na-ru-uq A-šur-e-/mu-qí lá-áp-tù ša-bu a-ni-ma lá ni-tu-ru-šu-ni,"Of the present silver I have received 4 minas of silver from Šū-Anum, and he in turn received a certified tablet with my seal, which says that we have been paid in full for the one mina of gold that was booked in Aššur-emuqīs joint-stock company, and that we shall not raise the matter again."
larsen_sent::51_RC1749C::0001,ša il5-qé-ú-šu-nu-ni,ša il5-qé-ú-šu-nu-ni
auto_sent_0000104,um-ma a-ta-ma i-na 1.33333 ma-na KÙ.BABBAR ša En-na-Be-lúm na-aš-ú-ni: lé-qé,You said : Take that out of the 1.33333 mina of silver that Ennam-Bēlum is bringing.
auto_sent_0000135,li-li-kam iš-tí KÙ.BABBAR-pí-a 4.5-ma-na ša Ku-ru-ub-Ištar ba-áb-tám e-zi-ba-ku-nu-tí-ni,Together with my other silver I left 4.5 minas belonging to Kurub-Ištar as an outstanding claim with you.
auto_sent_0000147,um-ma A-šur-i-dí-ma a-na a-na A-šur-na-da qí-bi4-ma 3.66666 ma-na KÙ.BABBAR ti-zi-ba-am 1 ma-na 0.5 GÍN KÙ.BABBAR ša Šu-Ištar 2 ma-na LÁ 0.5 GÍN KÙ.BABBAR Ištar-pí-lá-ah tù-šé-bi4-lam 1.33333 ma-na KÙ.BABBAR ṣa-ru-pá-am Dan-A-šur ub-lam ŠUNIGIN 8 ma-na,From Aššur-idī to Aššur-nāda: You left me 3.66666 minas of silver; 1 mina 0.5 shekel of silver belongs to Šu-Ištar; 2 minas less 0.5 shekel of silver you sent to me with Ištar-pilah; Dān-Aššur brought me 1.33333 mina of refined silver— in all: 8 minas.
auto_sent_0000185,da-ni-in: lu-qí-tám wa-šé-er,<gap>
auto_sent_0000207,lá ú-lá-mì-in,<gap>
auto_sent_0000224,KÙ.BABBAR ša-áš-qí-il5-šù- ma rₓ1 ma-na 6 GÍN KÙ.BABBAR r Du-du 0.5 ma-na KI Ša-ra-pu-nu-a ša-áš-qí-lá- ma a-na a-am-tim dí-in,"Make him pay the silver and have paid <gap> mina 6 shekels of silver belonging to Dudu 0.5 mina owed by Šarapunuwa, and give it to the maid ."
auto_sent_0000235,a-li 40 ma-na ni-ga-lu 2.5 ma- na AN.NA ša a-na Ša-na-a Ì-lí-šar ù Hu-lu- ba,Where are the 40 minas of sickles the 2.5 minas of tin which Ili-išar and Huluba brought to Šana?
auto_sent_0000258,ù ki-ma lu-mu-un li-bi4-im a-ni-a- tim ta-ša-pá-ra-am A-šúr ù dNIN.ŠUBUR li-tù-lá i-šu qá-tí-a ú-lá-qí-it-ma 3.5 ma-na 4 GÍN KÙ.BABBAR ṣa-ru-pá-am a-na ni-ip-lá-ti-a ša 16 ma-na.TA,"Also, instead of sending these angry messages, let Aššur and Ilabrat be my witnesses that I have scraped together what I had in my possession, and that I did pay 3.5 minas 4 shekels of refined silver for my balance payment, amounting to 16 minas each."
auto_sent_0000261,a-na A-šúr-i-dí qí-bi4-ma um-ma A-šúr-na-da-ma 40 ma-na AN.NA ša 0.5 ma-na KÙ.BABBAR hu-ša-e: e-li-a-tim ša 0.33333 ma-na KÙ.BABBAR <gap>-ú-tim 13.33333 ma-na <gap> .1 DUG ri-iš-tum 19 <gap>,"To Aššur-idī from Aššur-nādā: 40 minas of tin, representing 0.5 mina of scrap silver, top-packs for 0.33333 mina of silver <gap> 13.33333 minas <gap> 1 jar of first-class oil 19 <gap> <gap> ."
auto_sent_0000262,0.66666 ma-na mu-ṭá-e <gap> iš-tù: AN.NA-ak qá-tim qám-ru 0.33333 ma-na: 1 GÍN AN.NA ta-na-pá-al 2 ma-na KÙ.BABBAR ša Zu-zu: ha-bu-lá-ku-ni 1 ma-na KÙ.BABBAR ša ta-ah-bu-lá-ni 5 GÍN KÙ.BABBAR šé-bu-ul-ta-kà 3 GÍN KÙ.BABBAR a-na um-mi-ni ù Pá-ru-<ur->tim ni-is-ha-sú DIRI ša-du-a-sú ša-bu-ú DUMU I-li-tú-ra-am na-aš-a-kum 1.33333 ma-na 5 GÍN KÙ.BABBAR En-um-Be-lúm DUMU Šu-Lá-ba-an <gap> šu-ma TÚG.HI.A: lá-qá-am <gap> ša-ma-ma: i-na <gap> šé-bi4-lam a-šu-mì ša <gap> áš-ta-na-pá-ra-ku-ni <gap> ú-lá <gap>,"0.66666 mina losses <gap> after the tin for expenses has been spent, you will have to compensate 0.33333 mina 1 shekel of tin, 2 minas of silver which Zuzu owes to you, 1 mina of silver which you borrowed from me, 5 shekels of silver, your dispatch, 3 shekels of silver for our mother and Parrurtum, its import duty added, its transport tariff paid, Ili-tūrams son brings that to you; Ennam-Bēlum son of Šū-Laban <gap> 1.33333 mina 5 shekels of silver; <gap> if he [refuses] to take the textiles <gap> buy. In <gap> send me. Concerning what <gap> I keep writing to you about, <gap> do not <gap>"
auto_sent_0000317,um-ma A-šur-i-dí-ma a-na A-šur-na-da,From Aššur-idī to Aššur-nādā:
auto_sent_0000318,qí-bi4-ma ma-lá túp-pì- im ša Šu-Ku-bi4-im ša a-šu-mì šú-ha-ri-im KÙ.BABBAR ša tù-dì- tí-im ha-bu-lu 8 GÍN KÙ.BABBAR ṣa-hi-ir-ma ší-tám i-na ú- mì-im ša e-ra-ba-ni šá-áṣ-qí-il5-šu-ma šé-bi4-lam a-pu- tum šá-áṣ-qí-il5-šu,"In accordance with Šu-Kūbums tablet according to which on account of the servant he owes silver for a fibula, deduct 8 shekels of silver and make him pay the rest the very day he arrives, and send it to me. Please, make him pay."
auto_sent_0000319,I-dí-dUTU ṭur4-da-nim,Send me Iddin-Šamaš.
auto_sent_0000320,um-ma A-šur-i-dí-ma a-na A-šur-na-da qí-bi4-ma ma-lá túp-pì- im ša Šu-Ku-bi4-im ša a-šu-mì šú-ha-ri-im KÙ.BABBAR ša tù-dì- tí-im ha-bu-lu 8 GÍN KÙ.BABBAR ṣa-hi-ir-ma ší-tám i-na ú- mì-im ša e-ra-ba-ni šá-áṣ-qí-il5-šu-ma šé-bi4-lam a-pu- tum šá-áṣ-qí-il5-šu,"From Aššur-idī to Aššur-nādā: In accordance with Šu-Kūbums tablet according to which on account of the servant he owes silver for a fibula, deduct 8 shekels of silver and make him pay the rest the very day he arrives, and send it to me. Please, make him pay."
auto_sent_0000322,um-ma A-šur-i-dí<ma> a-na A-šur-na-da Ì-lí-a-lim ù A-šur-ta-ak-lá-ku,"From Aššur-idī to Aššur-nādā, Ili-ālum and Aššur-taklāku:"
auto_sent_0000323,qí-bí4-ma 12 ma-na KÙ.BABBAR DUMU A-lu-lá-a ha-bu-lam,Alulayas son owes me 12 minas of silver.
auto_sent_0000325,šu-ma lá-šu : a-šar wa-aš-bu : i-šú-ha-ri-a šù-up-ra-šu-ma KÙ.BABBAR lu-ša-áš-qí-il5-šu,"If he is absent, then write to him by means of one of my servants to where he is staying, so he can make him pay the silver."
auto_sent_0000326,šu-ma ú-mu-šu a-hu-ru ma-lá ta-ar-ki-is-tí- šu KÙ.BABBAR li-ik-nu-uk,"If his term is not up yet, then have him seal the silver in accordance with his contract."
auto_sent_0000327,a-na ša ki-ma šu-a-tí ù i-a-tí lu-šé-bi4-lá-ma ší-ma-am lu ni-iš-am-šu,"Let him send it to his representatives and to me, so we can purchase goods for him."
auto_sent_0000328,um-ma A-šur-i-dí<ma> a-na A-šur-na-da Ì-lí-a-lim ù A-šur-ta-ak-lá-ku qí-bí4-ma 12 ma-na KÙ.BABBAR DUMU A-lu-lá-a ha-bu-lam,"From Aššur-idī to Aššur-nādā, Ili-ālum and Aššur-taklāku: Alulayas son owes me 12 minas of silver."
auto_sent_0000333,um-ma A-šur-i-dí-ma a-na A-šur-na-da Ì-lí-a-lim ù A-šur-ta ak-la-ku qí-bí-ma,"From Aššur-idī to Aššur-nādā, Ili-ālum and Aššur-taklāku:"
auto_sent_0000334,mi-šu ša a-hu-ku-nu iš-tù 2 ša-na-at ma-ar-šu-ma ù ta-ta kà-la-šu-ni,"How come that your brother has been ill for 2 years now, but you have held him back?"
auto_sent_0000335,a-pu-tum i-nu-mi-im ša tùp-pá- am ta-ša-me-a-ni šù-pu-ra-ma li-tal-kam,"Please, on the very day you hear this letter you must write and let him come."
auto_sent_0000336,20 ma-na KÙ.BABBAR Ì-lí-a-lúm li-ik-nu-kam ù 8 ma-na KÙ.BABBAR a-ha-ma ša ma-na-ah-tí É-tim ša ha-bu-lu,Have Ili-ālum seal 20 minas of silver for me and let him send me furthermore the 8 minas of silver that he owes on the maintenance of the house.
auto_sent_0000337,lu-šé-bi4-lam ù A-šur- na-da ma-la i-kà-šu-du li-ik-nu-uk-ma lu-šé-bi4-lam i-na,Have also Aššur-nādā seal as much as he makes and send it to me.
auto_sent_0000338,pá-ni-im-ma a-li-ki- im A-šur-ta-ak-la-ku,Send Aššur-taklāku with the very first travelers.
auto_sent_0000339,ṭur4-da-nim i-da-áš-e Ì-lí-a-lúm lu-úš-a-am,Let Ili-ālum leave in the spring.
auto_sent_0000340,a-na A-šur-na-da,To Aššur-nādā:
auto_sent_0000341,qí-bí-ma 11 ma-na AN.NA ša A-la-hi-im i-ma-ṣa-ar-tim,Your forgot 11 minas of tin belonging to Alāhum in the safe when you left.
auto_sent_0000343,nu-šé-ba-la-šu 40+ <gap> ma-na AN.NA AN.NA ù 0.66666 ma-na KÙ.BABBAR <gap> im ki-ma 10 ma-na AN.NA a-qá-<tí->a,40+[ <gap> minas of] tin and 0.66666 minas of silver <gap> instead of 10 minas of tin for my share.
auto_sent_0000344,um-ma A-šur-i-dí-ma a-na A-šur-na-da Ì-lí-a-lim ù A-šur-ta ak-la-ku qí-bí-ma mi-šu ša a-hu-ku-nu iš-tù 2 ša-na-at ma-ar-šu-ma ù ta-ta kà-la-šu-ni,"From Aššur-idī to Aššur-nādā, Ili-ālum and Aššur-taklāku: How come that your brother has been ill for 2 years now, but you have held him back?"
auto_sent_0000353,um-ma A-šùr-i-dí a-na Ì-li-a-lim A-šùr-ta-ak-lá-ku,From Aššur-idī to Ilī-ālum and Aššur-taklāku;
auto_sent_0000354,qí-bi4-ma a-na Ì-li-a-lim,to Ilī-ālum:
auto_sent_0000355,qí-bi4-ma ši-ni-šu wa-dí,"You know, twice you did this to me;"
auto_sent_0000356,té-pu-ša-ni a-ni ta-áś-li- ša-ni,now you have done it a third time!
auto_sent_0000357,be-el-kà ta-áp-lá-ah-ma KÙ.BABBAR lá <tù->šé-bi4-lá-am a-li-ku,Did you respect your lord when you did not send me the silver?
auto_sent_0000358,a-dí ši-ni-šu i-li-ku-ni- ma ú-lá ta-al-qé-ma 10 ma-na KÙ.BABBAR lá <tù->šé-bi4-lam,"Travelers have come here at least twice, but you had acquired nothing and you have not sent me the 10 minas of silver."
auto_sent_0000361,ša-il5 a-pu-tum i-na a-li-ki-im ší-ti KÙ.BABBAR-pì-a,"Please, send the rest of my silver with the caravan!"
auto_sent_0000362,šé-bi4-lam 40 ma-na-e-em A-šur li-tù-ul ṣi-ib-tám lá a-ga-mi-lu-kà ša iš-tù ITI.KAM Ma-hu-ur-DINGIR li-mu-um I-di-A-šur DUMU Ku-bi-dí lu-qú-tám ša šé-pí- kà za-ki-ma tí-ib-a-ma,"With respect to the 40 minas— I take divine Aššur as witness that I shall not make any concessions to you regarding interest, which runs from the month Mahur-ilī, eponymy Iddin-Aššur, the son of Kubī-idī. Clear the goods from your own caravan, set out and come here."
auto_sent_0000363,a-tal-kam ù A-šur-ta-ak-lá-ku lu-qú-šú lu-za-ki-ma li-it-bi4-a-ma li-tal-kam a-na ha-ar-pè,"Also, Aššur-taklāku must clear his goods, set out and come here —before harvest."
auto_sent_0000364,um-ma A-šùr-i-dí a-na Ì-li-a-lim A-šùr-ta-ak-lá-ku qí-bi4-ma a-na Ì-li-a-lim qí-bi4-ma ši-ni-šu wa-dí té-pu-ša-ni a-ni ta-áś-li- ša-ni,"From Aššur-idī to Ilī-ālum and Aššur-taklāku; to Ilī-ālum: You know, twice you did this to me; now you have done it a third time!"
auto_sent_0000372,um-ma A-šùr-i-dí-ma a-na A-šur-ta-ak-lá-ku,From Aššur-idī to Aššur-taklāku;
auto_sent_0000373,qí-bi4-ma 3 TÚG ra-qá-tum 2 TÚG ší-li-ip-ki-ú 4 TÚG ta-ku-uš-ta-ú 2 TÚG lu-bu-šu ŠUNIGIN¹ 11 TÚG.HI.A 1 ma-na 0.83333 GÍN KÙ.BABBAR,"3 thin textiles, 2 šilipkū-textiles, 4 takuštāu-textiles, 2 garments—in all 11 textiles, cost 1 mina 0.83333 shekel of silver."
auto_sent_0000378,<um-ma> a-ta-ma iš-tù wa-ar-ki-ú-tim ú-šé-ba-lá-kum GUŠKIN lu ša ma-i-šu lu ku-bu-ur-ši-nu-um ma-ma-an i-na ba-ri-ku-nu lá ú-šé-ba-lá-am,You said: I shall send it to you as soon as possible. Noone among you should send me any alluvial gold or any kuburšinnu-gold;
auto_sent_0000379,šu-ma GUŠKIN pá-ša-lúm SIG5 šé-bi4-lá-nim mi-ma,"if the pašallu-gold is of good quality, then send me some."
auto_sent_0000380,a-nim ⁶UTU-ba-ni ù DINGIR-šu-ra-bi4 na-aš-ú-ni-ku-nu-ti,All this Šamaš-bāni and Ilšu-rabi are bringing to you.
auto_sent_0000382,um-ma A-šùr-i-dí-ma a-na A-šur-ta-ak-lá-ku qí-bi4-ma 3 TÚG ra-qá-tum 2 TÚG ší-li-ip-ki-ú 4 TÚG ta-ku-uš-ta-ú 2 TÚG lu-bu-šu ŠUNIGIN¹ 11 TÚG.HI.A 1 ma-na 0.83333 GÍN KÙ.BABBAR,"From Aššur-idī to Aššur-taklāku; 3 thin textiles, 2 šilipkū-textiles, 4 takuštāu-textiles, 2 garments—in all 11 textiles, cost 1 mina 0.83333 shekel of silver."
auto_sent_0000387,<um-ma> a-ta-ma iš-tù wa-ar-ki-ú-tim ú-šé-ba-lá-kum GUŠKIN lu ša ma-i-šu lu ku-bu-ur-ši-nu-um ma-ma-an i-na ba-ri-ku-nu lá ú-šé-ba-lá-am šu-ma GUŠKIN pá-ša-lúm SIG5 šé-bi4-lá-nim mi-ma,"You said: I shall send it to you as soon as possible. Noone among you should send me any alluvial gold or any kuburšinnu-gold; if the pašallu-gold is of good quality, then send me some."
auto_sent_0000390,um-ma A-šùr-i-dí-ma a-na A-šur-ta-ak-lá-ku,From Aššur-idī to Aššur-taklāku:
auto_sent_0000391,qí-bi4-ma a-ni-kà-ši-a i-na a-li-ki-im tí-ir-ta-kà a-na a-hi-kà li-li-ik-ma ša-zi-za,"With respect to my account, send word to your brothers with the travelers to make them stand ."
auto_sent_0000394,um-ma a-ta-ma KÙ.BABBAR a-šú-mi a-bi4-a-ma ù-ša-ab-ša-al ma-ma-an lá ta-za-kà-ar ú ša-du-a-tám lá ta-na-dí šu-ma ú-ša-az-ku-ru-kà,"If the colony puts pressure on you, just say: I shall deal with the silver on behalf of my father. Do not mention anybodys name, and do not deposit any transport tariff."
auto_sent_0000396,um-ma A-šùr-i-dí-ma a-na A-šur-ta-ak-lá-ku qí-bi4-ma a-ni-kà-ši-a i-na a-li-ki-im tí-ir-ta-kà a-na a-hi-kà li-li-ik-ma ša-zi-za,"From Aššur-idī to Aššur-taklāku: With respect to my account, send word to your brothers with the travelers to make them stand ."
auto_sent_0000401,a-na A-šur-i-dí qí-bi4- ma um-ma A-šur-na-da-ma 6 ma-na KÙ.BABBAR sa-ru-pá-am ša-du-a-sú ša-bu ša na-ru-qí-kà ku-nu-ki-a A-šur-dan na-aš-a-ku-um,"To Aššur-idī from Aššur-nādā: Aššur-dān is on his way to you with 6 minas of refined silver, its transport tariff paid, from your joint-stock capital and under my seal."
auto_sent_0000402,3 GÍN KÙ.BABBAR wa-sí-sú ša-bu ni-iš-pu-ra-kum i-na še-ep : Šu-dIM um-ma né-nu-ma : a-dí 10 u4-me a-li-ku : a-dí ší-ni-šú ù : ša-lá-šú ri-lu-ku-ni ma a-ni-ma 5 ma-na TA KÙ.BABBAR nu-na-ša-ra-kum wa-ar-ki-šu-nu-ma sí-kà-tùm ú-sí-ú-ma ma-hi-ru-um pá-ru-ud-ma i-na re-eš15 ba-áb-tim ú-lá na-aṭ-ú-ma : pá-am,"3 shekels of silver, its export-duty, he has been paid. We wrote to you transported by Šū-Adad, saying: Within 10 days travelers will come here two or three times, so now we shall set aside for you 5 minas each time. But after they had left the sikkātum went out and the market is disturbed so we are not in a position to fulfil our promise given when the goods were commissioned."
auto_sent_0000404,ši-mu ba-at-qú-ma Ìlī-a-lam5 a-na Wa-ah-šu-ša-na,"Prices being low, I have sent Ilī-ālum to Wahšušana."
auto_sent_0000405,at-ru-sú i-na KÙ.BABBAR a- nim 4 ma-na KÙ.BABBAR KI Šu-A-num al-qé-ma tup-pá-am ha-ar-ma-am ša ku-nu-ki- a šu-ut il5-qé ša a-na 1 ma-na GUŠKIN ša i-na na-ru-uq A-šur-e- mu-qí lá-áp-tù ša-bu a-ni-ma lá ni-tu-ru-šu-ni,"Of the present silver I have received 4 minas of silver from Šū-Anum, and he in turn received a certified tablet with my seal, which says that we have been paid in full for the one mina of gold that was booked in Aššur-emuqīs joint-stock company, and that we shall not raise the matter again."
auto_sent_0000406,a-na A-šur-i-dí qí-bi4- ma um-ma A-šur-na-da-ma a-bí a-ta be-lí a-ta-ma 1 ma-na KÙ.BABBAR ša Ku-ru-ub- Ištar ub-lá-ku-ni ù mì-ma lu-qú-tim ša I-li-a-lúm ú-šé-bi4-lá-ku-ni i-na pá-ni-im-ma áb-kà-ma : lu-qú-tum a-na ba-ra-im li-ik-šú- da-ma i-na ha-ra-nim lá-am-hu-ur-ší-ma a-na- kam ší-šé-me-ma be-el qí-ip-tí-a : ba-áb ha-ra-ni-a ša qá-ta- tim lá e-ri-ší-ma,"To Aššur-idī from Aššur-nādā: My dear father and lord, quickly dispatch the 1 mina of silver which Kurub-Ištar brought you plus whatever goods Ilī-ālum sent to you, so that the goods reach me to be available, and let me receive it en route so it will be heard here and the owner of the goods entrusted to me will not demand a guarantor when I am about to leave, and I shall not be put to shame."
auto_sent_0000407,lá a-ba-áš : šu-ma lu-qú-tum lá uṣ-a-ma a-na-kam lá i-šé-me ma-nu-um ša a-na ma-li-šú KÙ.BABBAR qá-ta-tí-a : il5-ta-pu- tù,"If the goods have not left so it will not be heard here, who then will let himself be noted as my guarantor for the silver in its entirety?"
auto_sent_0000409,a-bu-um ki-šú-mi-šú ma-num lu i-de8 da-am-qá-ni-ku-um a-ni KÙ.BABBAR : ma-ah-ri-kà na-dí-ma : a-na-ku a-na-kam TÚG.HI.A : a-na qá-ti-kà ù qá-ti-a KÙ.BABBAR ú-ša-qal-ma ke-na šu!-mi ki-tim aš-ta-na- kà <-na>-am ù da-tám ki-a-ma ú-ša-qal šu-ma ku-a-am lá <tù->šé-ba-lam5,"Who knows whether the father is good for his name? Things are fine for you, in fact, silver lies in front of you, while I here repeatedly have to pay silver for textiles on your account and my own, and, yes, I constantly establish a reputation for truthfulness; and in this way I am paying the fees."
auto_sent_0000410,KÙ.BABBAR ša qí-ip-tí-a ù na-ak-ra-am ša A-šur-ta-ak-lá-ku ú-šé-bi4-lá-ku-ni lu-qú-tám za-ki-a-ma áb-kà-ma a-na-kam li-šé-me-ma ba-áb ha-ra-ni-a be-el qí-ip-tí-a lá i-kà-le-e-ma lá a-ha-li-iq <gap>,"If you do not send some of your own, then with respect to the silver entrusted to me plus the belonging to outsiders that Aššur-taklāku sent to you— clear the goods and dispatch them so it will be heard here, and so that at my departure the owner of the goods entrusted to me will not hold me back and I shall not perish."
auto_sent_0000617,um-ma A-šur-i-dí-ma a-na A-šur-na-da qí-bi4-ma,From Aššur-idī to Aššur-nādā:
auto_sent_0000621,šì-tí KÙ.BABBAR a-ha-ma ku-nu-uk-ma še-bi4-lam,Seal then also the rest of the silver and send it to me.
auto_sent_0000623,a-tal-kam ša i-ṣe-ri-kà ṣa-hu-ru-ni na-ru-qá-tim na-aš-ú ù ša i-ṣe-ri a ṣa-hu-ru-ni 10 ma-na GUŠKIN iš-ta-áp-ku,"People less important than you administer joint-stock investments, and people less important than me have invested 10 minas of gold."
auto_sent_0000624,al-kà-ma na-ru-qá-am na-an-šé-ma ù ṣí-i,Come and take over a joint-stock capital and only then leave again.
auto_sent_0000626,al-kà-ma ù a-na-kam a-šar lá-qá-im lá-šu,"Come then, for here there is no opportunity for receiving anything."
auto_sent_0000627,um-ma A-šur-i-dí-ma a-na A-šur-na-da qí-bi-ma,From Aššur-idī to Aššur-nāda:
auto_sent_0000628,10 ma-na KÙ.BABBAR tù-šé-bi-lam,You have sent me 10 minas of silver.
auto_sent_0000632,im-tí 17 GÍN KÙ.BABBAR,17 shekels of silver:
auto_sent_0000633,ší-im 1 ANŠE,the price of one donkey.
auto_sent_0000636,um-ma a-ta-ma i-na,You said :
auto_sent_0000637,1.33333 ma-na KÙ.BABBAR ša En-na-Be-lúm na-aš-ú-ni: lé-qé KÙ.BABBAR ú-la al-qé i-na KÙ.BABBAR a-nim al-qé,"Take that out of the 1.33333 mina of silver that Ennam-Bēlum is bringing. I did not take the silver then, so I have taken it out of this silver."
auto_sent_0000641,um-ma A-šùr-i-dí-ma a-na A-šùr-na-da qí-bi4-ma,From Aššur-idī to Aššur-nāda:
auto_sent_0000642,ki-ma šé-ep dIM ra-pí-dim É-tí: ra-hi-iš ù a-ta ta-tá-lá-ak a-pu-tum,As if by the foot of divine Adad in full rush my house is devastated! But as for you— you have gone away!
auto_sent_0000648,Zu-zu ha-bu-la-am 1 ma-na KÙ.BABBAR iš-tí dUTU-ba-ni DUMU Puzur4-Ištar,<gap> 1 mina of silver is owed by Šamaš-bāni son of Puzur-Ištar.
auto_sent_0000653,a-pu-tum qa-ti a-na ni-kà-ši i-ta-di <gap>,"Please, let my share be deposited at the time of the accounting."
auto_sent_0000654,um-ma A-šur-i-dí-ma a-na I-lí-SUKKAL ù A-šur-ta-ak-lá-ku,From Aššur-idī to Ili-sukkal and Aššur-taklāku:
auto_sent_0000655,qí-bi4-ma a-na I-lí-ŠU.GAN,to Ili-sukkal:
auto_sent_0000656,qí-bi4-ma ma-aš-ki ša pá-tim a-dí-na-kum,I gave you some woollen fleeces.
auto_sent_0000657,um-ma a-ta-ma a-na,You said:
auto_sent_0000658,ru-ba-im a-qí-aš ù 2 ma-na hu-ša-e uṣ-ba-ku-um um-ma a-ta-ma,I shall give them as a gift to the king. I furthermore added for you 2 minas of scrap metal. You said:
auto_sent_0000659,pá-šu-ra-am SIG5 ša 10 GÍN KÙ.BABBAR a-da-na-ku-um šu-ma a-hi a-ta pá-šu-ra-am SIG5 a-na A-šur-ta-ak-lá-ku,"I shall give you good quality retail goods worth 10 shekels of silver in return. My dear brother, give the good quality retail goods to Aššur-taklāku."
auto_sent_0000660,di-in a-na A-šur-ta- ak-lá-ku,To Aššur-taklāku:
auto_sent_0000661,qí-bi4-ma 3 ma-na 12 GÍN AN.NA a-na ILLAT šu-ku-un,<gap> Deliver 3 minas 12 shekels of tin to the enterprise.
auto_sent_0000665,qí-bi-ma a-hu-a a-tù-nu iš-tù MU.30.ŠÈ i-na A-limki wa-aš-ba-ku-ma ù ni-kà-sí ù-ša-qal,"My dear brothers, for 30 years I have been living in the City and I always pay the accounts."
auto_sent_0000674,um-ma A-šur-i-dí-ma a-na A-šur-na-da,From Aššur-idī to Aššur-nāda:
auto_sent_0000675,qí-bi4-ma 2 ma-na LÁ 0.5 GÍN KÙ.BABBAR Ištar-pí-lá-ah,You sent me 2 minas less 0.5 shekel of silver with Ištar-pilah.
auto_sent_0000681,li-bi4-kà a-ší-tám um-ma a-ta-ma KÙ.BABBAR lá-qé am-ší-ma lá ak-nu-kà-šu KÙ.BABBAR i-qá-tí-a lá-šu-ma,"You said: The silver has been taken. But I forgot to seal it, and since I have no silver available to me I have taken it."
auto_sent_0000684,um-ma A-šur-i-dí-ma a-na a-na A-šur-na-da qí-bi4-ma,From Aššur-idī to Aššur-nāda:
auto_sent_0000685,3.66666 ma-na KÙ.BABBAR ti-zi-ba-am 1 ma-na 0.5 GÍN KÙ.BABBAR ša Šu-Ištar 2 ma-na LÁ 0.5 GÍN KÙ.BABBAR Ištar-pí-lá-ah tù-šé-bi4-lam 1.33333 ma-na KÙ.BABBAR ṣa-ru-pá-am Dan-A-šur ub-lam ŠUNIGIN 8 ma-na,You left me 3.66666 minas of silver; 1 mina 0.5 shekel of silver belongs to Šu-Ištar; 2 minas less 0.5 shekel of silver you sent to me with Ištar-pilah; Dān-Aššur brought me 1.33333 mina of refined silver— in all: 8 minas.
auto_sent_0000693,0.33333 ma-na KÙ.BABBAR ší-im ANŠE a-na Ú-ṣú-ur-ša-A-šur áš-qúl 5 ma-na hu-ša-e i-ša-am-ši tù-uṣ-ṣú ta-al-qé KÙ.BABBAR-áp- šu-nu,<gap> The day you left you took 5 minas of scrap metal worth 4 shekels of silver.
auto_sent_0000696,2 UDU ša DUMU Pi-da-a 5.5 ma-na 1 UDU 1.83333 ma-na ša I-dí-lim 1 UDU 3 ma-na 1 UDU 2.33333 ma-na 5 GÍN 1 UDU,"2 sheep belonging to Pidayas son: 5.5 mina; 1 sheep worth 1.83333 mina belonging to Iddin-ilum; 1 sheep: 3 minas, 1 sheep 2.33333 minas 5 shekels; 1 sheep:"
auto_sent_0000697,2 ma-na 10 GÍN ša A-šur-SIPA 1 UDU 2.33333 ma-na ša Zu-a 1 UDU 2.66666 ma-na ša Du-ni-a 1 UDU 3.33333 ma-na DUMU Du-ni-a-ma GAL,2 minas 10 shekels— belonging to Aššur-rēʾi; 1 sheep worth 2.33333 minas belonging to Zua; 1 sheep worth 2.66666 minas belonging to Dunnia; 1 sheep worth 3.33333 minas—the same Dunnias eldest son.
auto_sent_0000702,1 ma-na KÙ.BABBAR a-ši-im 2 GUD.HI.A ù ú-tí-tim a-na me-er-e ša-ku-li-im ag-mu-ur,1 mina of silver I spent on the price of 2 oxen and grain to feed the sons. The rest of your silver:
auto_sent_0000703,ší-tí KÙ.BABBAR-pì-kà 2 ma-na 0.66666 GÍN i-na li-bi4 5 ma-na 1 GÍN KÙ.BABBAR lu-qú-tim ša še-ep En-nam-Be-lim ú-ša-he-er ší-tí KÙ.BABBAR-pì-a 2 ma-na 0.33333 GÍN i-na pá-ni-e-ma,"<gap> 2 minas 0.66666 shekels, I deducted from the 5 minas 1 shekel of silver, the shipment transported by Ennam-Bēlum; <gap> send the rest of my silver, 2 minas 0.33333 shekels as soon as possible."
auto_sent_0000704,šé-bi4-lam li-ba-ka lá tu-lá-ma-an a-na a-wi-li ah-ša-ah-ma al-qé,"Do not be angry. I wanted it for the men, <gap> so I took it."
auto_sent_0000705,um-ma A-šur-i-dí-ma a-na A-šur-na-da qí-bi4-ma: a-šu-mi I-dí-Sú-in ša ta-áš-pu-ra-ni I-dí-Sú-in aš-ba-at-ma i-ma-ha-ar a-hi-ni um-ma a-na-ku- ma,"From Aššur-idī to Aššur-nāda: Concerning Iddin-Suen about whom you wrote, I seized Iddin-Suen and in the presence of our colleagues I said:"
auto_sent_0000706,KÙ.BABBAR i-na ba-a-ba-tí-a ta-al-ta-qé KÙ.BABBAR-pì dí-nam um-ma šu-ut-ma,You have taken silver from my outstanding claims!
auto_sent_0000707,mi-ma KÙ.BABBAR-áp-kà lá al-qé,Give me my silver! He answered:
auto_sent_0000708,ú ni-kà-si ú-ni-a-ni-ma KÙ.BABBAR 1 ma-na ù 2 ma-na i-ṣé-ri-a il5-qé AN.NA 1 GÚ KI Ša-lim-a- hi-im a-na u4-me ni-il5-qé-ma a-na Bu-ru-uš-ha-dim ú-šé-ri-ib-ma ih-ta-al-qé-ni a-wa-at A-limki lá tí-de8 a-na-kam a-ba-ú-šu im-tí-du-ma a-hi-ni nu-šé-ši-ib-ma a-šu-mi KÙ.BABBAR a-na-kam <gap> ra-kà-si< -im> ni-iš A-limki ú-ta-me-ú-ni-a-tí-ma a-na 6 ma-na KÙ.BABBAR ú-ma-gi5-ru-ni- a-tí,"I have not taken any of your silver. So, he cheated me with the account, for he has taken at least 1 or 2 minas of silver at my expense. We have borrowed tin, 1 talent, from Šalim-ahum on fixed terms, and he brought that into Burušhaddum where it was lost for me. Dont you know the state of affairs in the City? Here his fathers have become numerous, so we convened our colleagues, and they made us swear an oath by the City concerning the contractual agreement to pay the silver here , where they made us agree on 6 minas of silver:"
auto_sent_0000709,iš-tù ITI.1.KAM Tán-bar-ta li-mu- um Ib-ni-dIM DUMU Ba-qú-ni-im 1 ma-na.TA i-na ša-tim KÙ.BABBAR ša-al-ma-am i-na A-limki i-ša-qá-lá-kum ša KÙ.BABBAR 1 ma-na ù 2 ma-na ši-ma-am na-ší,Reckoned from the month Tanbarta in the eponymy of Ibni-Adad son of Baqqunum he is to pay 1 mina per year without deduction to you in the City. He carries goods worth at least 1 or 2 minas of silver.
auto_sent_0000714,um-ma A-šùr-i-dí-ma a-na A-šùr-na-da qí-bi4-ma,From Aššur-idī to Aššur-nādā:
auto_sent_0000715,a-šù-mi KÙ.BABBAR ša Kà-ri-a ù ku-a-tí: ša tù-šé-bi-lá-ni um-ma ša ki-ma Kàr-ri-a-ma,"With regard to the silver belonging to Karria and yourself which you sent to me, Karrias representatives said:"
auto_sent_0000716,lu-qí-tám a-na i-ta-aṭ-li-im,"Let him sell the goods for cash on delivery, and send the silver here!"
auto_sent_0000723,ší-bi šu-ku-un,If his son says:
auto_sent_0000724,šu-ma um-ma me-ra-šu-ma,Give me the goods!
auto_sent_0000729,qí-bi4-ma 5 GÍN KÙ.BABBAR i-na e-ra-bi4-šu-ma Ás-qú-dí-a ša-áṣ-qí-il5-ma iš-tí ší-im ANŠE ku-nu-uk-ma i-pá-ni-e-ma,"Make Asqudia pay 5 shekels of silver as soon as he arrives, seal that together with the money from the sale of the donkey, <gap> and send it as soon as possible."
auto_sent_0000730,šé-bi4-lam 1 TÚG ku-ta-nu-um i-ṭù-pì-a lá lá-pì-it ša A-šur-ta-ak- lá-ku Ás-qú-dí-a-ma na-aš-a- kum,<gap> 1 kutānu-textile was not noted in my letter; it belongs to Aššur-taklāku; Asqudia is on his way to you with that as well.
auto_sent_0000736,lu-qú-ut-kà lu pá-ni-tám lu wa-ar-ki-tám za-ki-am-ma tí-ib-am-ma a-tal-kam,"Clear your merchandise, both the new and the earlier shipment, set out and come here."
auto_sent_0000740,um-ma A-šur-i-dí-ma a-na A-šur-na-da qí-bi4-ma,From Aššur-idī to Aššur-nāda:
auto_sent_0000741,ta-li-kam-ma: a-dí 5-ši-šu,After you came here you have broken your promises five or six times!
auto_sent_0000742,ù šé-ši-šu: tù-pá-šé-er ù kà-ki: ša A-šur ù A-šu-ri-tim im-hu-šú- kà,"But though the weapons of divine Aššur and Aššuritum have hit you, you still broke your word, saying:"
auto_sent_0000743,ù tù-pá-šé-er um-ma a-ta-ma i-na šé-ri-šu li-mu-ru ša a-wa-at: i-lí a-na ša ta-ni-iš-tim,Let them care about him who treats the words of the gods as those of mankind. So far you have not left.
auto_sent_0000746,ri-im: šú-uh-ri-ma a-zu-áb: A-šur ù A-šu-ri- tum uš-ta-na-ú-du-kà,Aššur and Aššuritum are giving you urgent instructions with the words:
auto_sent_0000747,um-ma šu-nu-ma lá-am-na- tim i-na li-bi4-šu e-ta-wu li-bu-šu lá iš-ru-ni-ku-um qá-šu na-ba-al-ku-ta-at kà-lá a-wa-tim ša i-lí e-ta-wu-ni-ku-um a-wa-tim ša be-tí-ni: a-dí a-šu-ri-ma,"He speaks wickedness in his heart, his thoughts are not friendly towards you, his hand is turned away. All those words of the gods they spoke to you, words about our family, heaven forbid that you should have forgotten them! The gods said:"
auto_sent_0000748,ta-am-tí-ši um-ma DINGIR-lu-ma a-wa-ti-ni ú-lá im-tù-a a-pu-tum a-wa-at,"He has refused to obey our commands! Please, obey the commands of the gods!"
auto_sent_0000751,lu-mu-un li-bi4-a ma-ad ù li-ba-kà,But I said :
auto_sent_0000752,i-de8: um-ma a-na-ku-ma ù-um-šu-ma šà-he-er,Until now he has delayed but he must have heard the words of the gods.
auto_sent_0000754,um-ma A-šur-i-dí-ma a-na Puzur-Ištar ù Ás-qú-dim qí-bi4-ma,From Aššur-idī to Puzur-Ištar and Asqudum:
auto_sent_0000755,1 GÚ.5 ma-na AN.NA ku-nu-ki ša Ás-qú-dum na-aš-ú a-na-ma Tí-me-el-ki-a ta-kà-ša-dá- ni um-ma a-tù-nu-ma a-na Šu-Ištar DUMU A-zu-da qí-bi4-a-ma,"As to the 1 talent 5 minas of tin under seal which Asqudum is bringing, as soon as you reach Timelkia you must say as follows to Šu-Ištar, the son of Azuda:"
auto_sent_0000756,tí-ir-tí A-šur-i-dí AN.NA 1 GÚ le-qé-ma gi-mì-lam i-na še-ri-šu šu-ku-un tup-pu-šu ha-ar-ma-am ša hu-bu-li-šu lu-up-ta a-na 25,Aššur-idis orders were that you should take at least 1 talent of tin to do him a favour. Draw up a certified tablet concerning his debt to run for 25 weeks.
auto_sent_0000762,Ás-qú-dim qí-bi4-ma šu-ma,To Asqudum:
auto_sent_0000763,Puzur-Ištar a-ta-ma dì-šum ši-be 3 šu-ku-šu-um,"If Puzur-Ištar is absent, then hand it over personally to him. Set 3 witnesses for him."
auto_sent_0000798,qí-bi4-ma 3 ma-na 12 GÍN AN.NA a-na ILLAT šu-ku-un,Deliver 3 minas 12 shekels of tin to the enterprise.
auto_sent_0000840,ší-tí KÙ.BABBAR-pì-kà 2 ma-na 0.66666 GÍN i-na li-bi4 5 ma-na 1 GÍN KÙ.BABBAR lu-qú-tim ša še-ep En-nam-Be-lim ú-ša-he-er ší-tí KÙ.BABBAR-pì-a 2 ma-na 0.33333 GÍN i-na pá-ni-e-ma,"2 minas 0.66666 shekels, I deducted from the 5 minas 1 shekel of silver, the shipment transported by Ennam-Bēlum; send the rest of my silver, 2 minas 0.33333 shekels as soon as possible."
auto_sent_0000845,ú ni-kà-si ú-ni-a-ni-ma KÙ.BABBAR 1 ma-na ù 2 ma-na i-ṣé-ri-a il5-qé AN.NA 1 GÚ KI Ša-lim-a- hi-im a-na u4-me ni-il5-qé-ma a-na Bu-ru-uš-ha-dim ú-šé-ri-ib-ma ih-ta-al-qé-ni a-wa-at A-limki lá tí-de8 a-na-kam a-ba-ú-šu im-tí-du-ma a-hi-ni nu-šé-ši-ib-ma a-šu-mi KÙ.BABBAR a-na-kam ra-kà-si< -im> ni-iš A-limki ú-ta-me-ú-ni-a-tí-ma a-na 6 ma-na KÙ.BABBAR ú-ma-gi5-ru-ni- a-tí,"I have not taken any of your silver. So, he cheated me with the account, for he has taken at least 1 or 2 minas of silver at my expense. We have borrowed tin, 1 talent, from Šalim-ahum on fixed terms, and he brought that into Burušhaddum where it was lost for me. Dont you know the state of affairs in the City? Here his fathers have become numerous, so we convened our colleagues, and they made us swear an oath by the City concerning the contractual agreement to pay the silver here , where they made us agree on 6 minas of silver:"
auto_sent_0000866,qí-bi4-ma 5 GÍN KÙ.BABBAR i-na e-ra-bi4-šu-ma Ás-qú-dí-a ša-áṣ-qí-il5-ma iš-tí ší-im ANŠE ku-nu-uk-ma i-pá-ni-e-ma,"Make Asqudia pay 5 shekels of silver as soon as he arrives, seal that together with the money from the sale of the donkey, and send it as soon as possible."
auto_sent_0000890,ù a-wa-at i-lí iš-té-me li-ba-kà lá ú-lá-mì-in,He cannot have made you angry.
auto_sent_0000901,um-ma A-šùr-i-dí-ma a-na A-šur-na-da qí-bi-ma,From Aššur-idī to Aššur-nādā:
auto_sent_0000902,iš-tù: MU.4.ŠÈ: tù-ší lu-qú-tí a-dí-ni-ma-a,"You left four years ago, but so far, have my goods left?"
auto_sent_0000919,šú-bu-tim am-hu-ur-ma mi-ma ANŠE lá ú-wa-šé-ru-nim,"I have appealed to the elders, but they have not released any donkeys to me."
auto_sent_0000923,tup-pá-kà lu 2 ši-na: mi-iš-lam,Let there be two tablets from you:
auto_sent_0000924,ša na-ru-qí-a lu-up-tám mi-iš-lam ša DAM.GÀR,"book half as from my joint-stock capital, and book half as tamkāru-property."
auto_sent_0000927,lu-kà-il5 ša-du-a-tám a-na ša a-wi-šú e-wu-ú li-dí-in um-ma šu-ut-ma,He should give the transport tariff to the one who answers for his consignment. He should then say:
auto_sent_0000928,KÙ.BABBAR ša DAM.GÀR ši-ba-am,The silver belongs to a tamkārum.
auto_sent_0000929,mì-ma a-hu-um a-na a-hi-im lá i-ša-kán a-pu-tum a-pu-tum i-hi-id-ma li-bi4 lá tù-lá-ma-an,"Colleagues need not set witnesses for each other.Please, please! take care not to make me angry!"
auto_sent_0000936,um-ma A-šùr-i-dí-ma a-na A-šur-na-da qí-bi4-ma,From Aššur-idī to Aššur-nādā:
auto_sent_0000948,um-ma A-šùr-i-dí-ma a-na A-šùr-na-da,From Aššur-idī to Aššur-nādā:
auto_sent_0000949,qí-bi4-ma: ra-ma-kà za-ki-a-ma: tí-ib-a-ma a-ta-al-kam,"Clear yourself of obligations, set out and come here."
auto_sent_0000957,um-ma A-šùr-i-dí-ma a-na A-šùr-na-da,From Aššur-idī to Aššur-nādā:
auto_sent_0000958,qí-bi-ma ša-am-ša-am ša 15 GÍN GUŠKIN a-na dNIN.ŠUBUR ha-bu-lá- ku,I owe a sun-disk weighing 15 shekels of gold to divine Ilabrat.
auto_sent_0000959,i-na pá-ni-tim i-nu-mi ta-li-kà-ni um-ma a-na-ku-ma,"Earlier, when you came here, I said:"
auto_sent_0000960,a-na mì-nim ša-am-ša-am la tù-ub-lam um-ma a-ta-ma,Why did you not bring the sun-disk? You answered:
auto_sent_0000961,15 GÍN ù-la ma-ṣa-at um-ma a-na-ku-ma ší-ma-am ša-a-ma ta-er-ma i-na e-ra-bi-kà-ma ša-am-ša-am ša 15 GÍN GUŠKIN e-pu-uš-ma šé-bi-lam iš-tù šé-pí-kà pá-ni-tim tù-uš-ta-na-áb-la-kà-at,"There was not enough for 15 shekels. So I said: Buy some goods, convert them, and make a sun-disk weighing 15 shekels of gold as soon as you arrive, and send it to me. Since the time of your first transport you have repeatedly had goods shipped."
auto_sent_0000964,ù šu-ma ù-tù-ra-ú i<-bi>-ší-ú a-qé-er-bi-ma,"Also, if anything extra becomes available, then put it into it."
auto_sent_0000966,1 me-at 90 TÚG.HI-tí Ì-lì-a-lúm ù A-šùr-ta ak-la-ku ù-ša-áb-ší-lu-ni-kum,190 of my textiles Ilī-alum and Aššur-taklāku have dealt with for you.
auto_sent_0000967,KÙ.BABBAR-áp-šu-nu Ē ma-nim i-ba-šì,In whose house is the money they were sold for?
auto_sent_0000969,rû šu-ma ša DAM.GÀR-ri-im a-šé-ri-a-ma šé-bi-lam-ma šì-ma-am la-áš-a-ma lu-ta-e-ra-kum,"But if it is tamkāru-property, then send it to me, so I can carry out purchases and return to you."
auto_sent_0000970,rû a-na-ku-ma ù-lá a-ma-ša-ah-kà,In that case I shall certainly not rob you!
auto_sent_0000971,um-ma A-šùr-i-dí-ma a-na A-šùr-na-da qí-bi- ma,From Aššur-idī to Aššur-nādā:
auto_sent_0000972,mì-šú ša ta-áš-pu-ra-ni,Why have you written to me.
auto_sent_0000973,um-ma a-ta-ma,as follows:
auto_sent_0000974,i-na KÙ.BABBAR-kà ni-kà-ši- a,I shall pay my accounts with your silver.
auto_sent_0000975,a-ša-qal pá-kà ta-dí- nam pá-i: ù-la a-dí-na- kum,You gave me your word. I did not give you my word!
auto_sent_0000979,KÙ.BABBAR-pì-a: la ta-kál,"If you wish, then stand!"
auto_sent_0000982,it-bi-a-ma: i-tal-kam ù me-er-ú-wa-tí-kà,"Also your daughters have I raised, but they said:"
auto_sent_0000983,ù-ra-bi-ma um-ma ši-na-ma: la a-bu-ni a-ta i-na ša-al- ší-ma u4-mi-im it-bi-a-ma i-tal-kà-ku-ma tí-ir-ta-kà lu i-de8,"You are not our father. Three days later they got up and left to go to you, so let me know what you think."
auto_sent_0000984,um-ma A-lá-hu-um ù ù A-šur-i-dí-ma a-na A-šur-na-da ù Šu-A-šur qí-bi-ma a-na A-šur-na-da,From Alāhum and Aššur-idī to Aššur-nādā and Šū-Aššur; to Aššur-nādā:
auto_sent_0000985,qí-bi-ma i-na ù-mi-im ša tup-pá-am ta-ša-me-a-ni 1 GÚ AN.NA ku-nu-ki ša A-limki Šu-A-šur li-dí-na-ku-ma i-na e-tí-šu 10 ma-na KÙ.BABBAR ṣa-ru-pá-am šu-qú-ul-šu-um,"the same day that you hear the letter Šū-Aššur shall give you 1 talent of tin under the seal of the City, and you must pay him 10 minas of refined silver promptly."
auto_sent_0000986,mì-šu ša um-ma a-ta-ma,Why is it that you say:
auto_sent_0000987,KÙ.BABBAR-pí ta-as-ba-at,You have seized my silver?
auto_sent_0000990,"lá tù-šé-bi-il5, KÙ.BABBAR ša šé-ep I-zi-me-a ù Hi-na-a u4-mu-šu-nu e-ta-at-qú","As to the silver transported by Izimea and Hinnaya, their terms are overdue."
auto_sent_0000994,um-ma A-šur-i-dí-ma a-na A-šur-na-da qí-bi-ma,From Aššur-idī to Aššur-nādā:
auto_sent_0000995,1 GÚ AN.NA ša A-lá-hi-im Šu-A-šur li-dí-na- ku-ma 10 ma-na KÙ.BABBAR ṣa-ru-pá-am a-na e-tí-šu šu-qú-ul-šum,"Šu-Aššur should give you 1 talent of tin that belongs to Alāhum, and then pay him 10 minas of refined silver promptly."
auto_sent_0000996,ku-nu-ki ša A-limki 2 šu-uq-li-in li-dí-a-ku-ma eš-té-et ú-sú-uq,"He should place 2 containers under the seal of the City authorities before you, and then you choose one of them."
auto_sent_0000997,um-ma A-šur-i-dí-ma a-na A-šur-na-da qí-bi4-ma mì-šu,From Aššur-idī to Aššur-nādā:
auto_sent_0000998,ša ta-aš-pu-ra-ni um-ma a-ta-ma um-ma DUMU,Why have you written me as follows:
auto_sent_0000999,A-lá-hi-im-ma,Alāhums son said to me:
auto_sent_0001000,10 ma-na KÙ ša a-bi4-kà a-ṣa-ba-at KÙ.BABBAR-pi i-na ki-dí-im za-ru šu-ma šu-ut 10 ma-na KÙ.BABBAR i-ṣa-ba-at a-ta 11 ma-na KÙ.BABBAR ša a-bi4-šu,"I shall seize 10 minas of silver belonging to your father. My silver has been scattered around outside! If he seizes 10 minas of silver, then you must seize 11 minas of his fathers silver!"
auto_sent_0001001,ṣa-ba-at mì-na-am a-na a-bi4-šu ha-bu-lá-ku-ma ma KÙ.BABBAR-pi i-ṣa-ba-at,"What do I owe to his father, so that—really!—he can seize my silver?"
auto_sent_0001002,šu-ma ma KÙ.BABBAR ha-bu-lá-ak- šu-um šé-bi4-šu li-ir-dí-a- ma ú-lá tup-pu-šu ha-ar-ma-am lu-ub-lam-ma KÙ.BABBAR-áp-šu a-na-kam ša-qá-lá-am,"If indeed I owe him any silver, then let him produce his witnesses, or let him bring a certified tablet that I was unable to pay his silver here!"
auto_sent_0001003,lá a-le-e um-ma a-bu-šu-ma,His father said to me:
auto_sent_0001004,giš-im-lá-ni AN.NA-kà-am,Do me a favour!
auto_sent_0001005,1 GÚ ša ik-ri-be le-qé-ma 10 ma-na KÙ.BABBAR lá ta-ba-ta-qá-am 1 GÚ AN.NA šu-uq-lam wa-sú-um-tám le-qé-ma iš-tù u4-mi-im ša ta-lá-qé-ú a-na e-tí-šu 10 ma-na KÙ.BABBAR ṣa-ru-pá-am dí-šu-um,"take some tin, 1 talent from the votive gifts, and do not go lower than 10 minas of silver . Take, therefore, a suitable packet of 1 talent of tin and after the day you receive it pay him 10 minas of refined silver promptly."
auto_sent_0001007,qí-bí4-ma mì-šu ša ta-aš-pu-ra-ni um-ma a-ta-ma i-na,Why have you written me as follows:
auto_sent_0001008,KÙ.BABBAR-pi-kà DUMU A-lá-hi-im i-ṣa-ba-at ma-nam ha-bu-lá-ku-ma ta-am-giš-ir-tí-ni 2 GÚ AN.NA ku-nu-ki ša A-limki Šu-A-šur ma-ah-ri-kà i-šá-kà-an-ma i-2 ší-ta iš-té-et ta-na-sà-aq-ma 10 ma-na KÙ.BABBAR a-na e-tí-kà ta-šá-qal,"Alāhums son will seize some of your silver? To whom do I owe anything, since it was our agreement that Šu-Aššur will place 2 talents of tin under the seal of the City authorities, before you and you will choose one of the two and pay 10 minas of silver promptly."
auto_sent_0001012,i-pu-a-kà a-pu-uh 2 ší-ta šu-uq-le-en iš-té-ta-ma ú-kà-li-im-kà ù ší-it-ma pá-at-ra-at,"Instead of two containers he showed you only one; moreover, that one had been opened!"
auto_sent_0001013,šu-ma ma mì-ma a-na a-bí4-šu ha-bu-lá-ku li-iš-pu-ra-ma a-na a-bí4-šu a-bu-šu a-na-kam li-iš-ba-ta-ni,"If indeed I owe anything to his father, then let him write to his father, so that his father can seize me here."
auto_sent_0001017,qí-bí4-ma DUMU A-lu-lá-a pá-šu a-na-kam i-dí-nam um-ma Šu-ut-ma,"Alulayas son gave me his word here, saying:"
auto_sent_0001018,i-na e-ra-bí4-a-ma 6 ma-na KÙ.BABBAR ú-šé-ba-lá-kum 1 ma-na KÙ.BABBAR iš-tí DUMU Puzur4-Ištar ú KÙ.BABBAR ša Zu-zu ú ša ih-bu-lá-ku-ni i-hi-id-ma i-pá-ni-e-ma,"As soon as I arrive I shall send you 6 minas of silver. 1 mina of silver is owed by Puzur-Ištars son, and take care to send Zuzus silver as well as what he borrowed from you as soon as possible."
auto_sent_0001019,šé-bí4-lam,<gap>
auto_sent_0001021,qí-bí-ma 5 TÚG ku-tí-nu ša A-šur-be-lá-wa-tim ša i-na ku-nu-uk A-šur-i-mì-tí kà-an-ku-ni ša 13 ma-na.TA i-na A-limki it-bu-lu-ni i-na ba-ab wa-ṣa-i-šu i-nu-mì a-na A-limki ha-ra-šu-ni 2 ma-na 5 GÍN KÙ.BABBAR ṣa-ru-pá-am me-eh-ra-tim dí-šu-um,"As to the 5 kutinu-textiles belonging to Aššur-bēl-awātim which were put under seal by Aššur-imittī, and which cost 13 minas a piece in the City— when he is about to leave on a trip to the City give him as an equivalent 2 minas 5 shekels of refined silver"
auto_sent_0001023,qí-bí4-ma iš-tí um-me-a-ni-a,I shall negotiate with my shareholders.
auto_sent_0001025,a-dí 5 u4-me wa-ar-kà-tám tí-ir-tí la-kà-kum,Within 5 days after this I shall send you word.
auto_sent_0001026,šu-ma ma-ma-na i-ṣa-ba-at-kà um-ma šu-ut-ma KÙ.BABBAR-áp a-bi4-kà lá-mì-dí a-lu-um li-dí-ni-ma ú-la-ma-ad-kà,"If anyone should seize you, saying: Inform me of your fathers silver! well, when the City has judged me, then I shall inform you."
auto_sent_0001027,um-ma A-šur-i-dí<ma> a-na A-šur-na-da,From Aššur-idī to Aššur-nādā:
auto_sent_0001028,qí-bí4-ma 0.5 ma-na KÙ.BABBAR a-na A-šur-kà-šì-id ha-bu-lá-tí 0.33333 ma-na a-na Ša-lim-a-hi-im ha-bu-lá-tí KÙ.BABBAR i-na pá-ni-i-ma,You owe 0.5 mina of silver to Aššur-kāšid; you owe 0.33333 mina to Šalim-ahum; send them the silver as soon as possible.
auto_sent_0001029,šé-bi4-lá-šu-nu-tí lá ú-ṣa-ah- du-ru-ni,They must not harrass us.
auto_sent_0001031,qí-bi4-ma: ma-lá ú ší-ni-šī <gap> áš-pu-ra-am um-ma a-na-ku-ma,"Both once and twice I have written, saying:"
auto_sent_0001032,KÙ.BABBAR 30 ma-na ša šé-ep: Ì-lí-a-lim pá-ni-tim šé-bi4-lá-nim a-li-ku: ma-lá ú ší-ni-šī i-li-ku-nim,Send me the 30 minas of silver from Ili-alums previous transport! Both once and twice travelers have come here.
auto_sent_0001033,a-mì-nim KÙ.BABBAR lá tù-šé-bi4-lá-nim,"Why, then, have you not sent the silver?"
auto_sent_0001034,a-pu-tum: i-pá-ni-i-ma a-li-ki-im 30 ma-na KÙ.BABBAR šé-bi4-lá-nim,"Please, send 30 minas of silver with the very first traveler."
auto_sent_0001035,a-wi-lu: wa-ar-ki- a,The men are standing right behind me.
auto_sent_0001036,i-za-zu: a-pu-tum ih-da-ma šé-bi4-lá-nim,"Please, take care and send it to me!"
auto_sent_0001037,um-ma A-šùr-i-dí-ma a-na A-šùr-na-da ù A-šùr-ta-ak-la-ku qí-bi-ma 4.33333 ma-na 6 GÍN KÙ.BABBAR KI Ur-ší-šī ITI.KAM Hu-bu-ur li-mu-um Puzur4-MUŠ 6 GÍN.TA i-ITI.KAM a-na 1 ma-na-im sí-ib-tám,"From Aššur-idī To Aššur-nādā and Aššur-taklāku <gap> 4.33333 minas 6 shekels of silver owed by Uršiši. Month Hubur, eponymy Puzur-Nirah. He adds interest at the rate 6 shekels per mina per month."
auto_sent_0001041,šu-ma la ù-ša-ak-šì-dí iš-tù ITI.1.KAM Áb ša ša-ra-ni 1 ma-na-um 0.33333 ma-na sí-ib-tám ù-ṣa-áb li-mu-um Bu-zu-zu,"If he does not get it to me, he will pay interest at the rate 0.33333 mina per mina , reckoned from the month Ab-šarrāni, eponymy Buzuzu."
auto_sent_0001045,ù La-pu-na 3 ma-na KÙ.BABBAR KI UTU-ba-ni DUMU Puzur4-Ištar ITI.1.KAM té-i-na-tim li-mu-um Šu-da-a a-na 15 ha-am-ša-tim,"0.66666 mina of silver owed by Kuduna and Lapuna. 3 minas of silver owed by Šamaš-bāni, the son of Puzur-Ištar; month Teinātum, eponymy Šudaya."
auto_sent_0001051,a-tù-nu ih-da-ma KÙ.BABBAR šé-bi4-lá-ni-ma Ili5-ba-ni lu-šá-bi4 ša Tap-ki-in-da 3.5 ma-na,"My dear brothers, take care and send me the silver so I can satisfy Ili-bāni."
auto_sent_0001055,lu-bi-il5 ù tí-ir-ta-kà,And do send me word.
auto_sent_0001056,li-li-kam šu-ma la-šu a-šar wa-áš-bu šé-bi-il5-šu-um,"If he is not there, then send it to him where he is."
auto_sent_0001057,I-dí-Ištar a-ṣé-er iš-ta- ri-qí-ni <gap> a-na É a-bi4-im il5-qé-a-ni-ma ù É ip-lu-uš-ma e-ta-ba- at,"As to Iddin-Ištar—not only has he continually robbed me, he took me to the office of the firm, and then he broke into the house and absconded!"
auto_sent_0001058,I-dí-Ištar ṣa-áb-ta- ma 3 ma-na KÙ.BABBAR i-na KÙ.BABBAR-šu ša-áš-qí-la-šu-ma šé-bi4-lá-nim-ma ù lu-mu-un li-bi4-a la-ap-tur4-šu-um,"Seize Iddin-Ištar and have him pay 3 minas of silver out of his own silver, and send him to me so I can release my anger on him!"
auto_sent_0001059,TÚG.HI.A ma-la a-na ni-kà-ší-a ta-ta-dí-a-ni ša-li-ṭá-ma lu KÙ.BABBAR ma-lá na-ad-a-ku-ni šu-up-ra- nim <gap>,"Take charge of whatever textiles you have deposited on my account, and write to me about how much silver I have been booked for."
auto_sent_0001060,um-ma A-šùr-i-dí-ma a-na A-šur-na-da ù A-šur-ta-ak-la-ku,From Aššur-idī to Aššur-nādā and Aššur-taklāku:
auto_sent_0001061,qí-bi-ma 2 GÚ 10 ma-na AN.NA ku-nu-ku 34 TÚG ku-ta- nu 2 ANŠE.HI.A ṣa-la-mu 0.66666 ma-na KÙ.BABBAR ù 6 ma-na AN.NA a-na qá-ti-šu ki-ma AN.NA ILLAT i-ša-ku-nu a-na KÙ.BABBAR AN.NA li-iš-ku-na-ku-nu-tí sá-ri-dum ig-re-šu ša a-dí Hu-ra-ma ša-bu mi-ma a-nim Šu-li DUMU Puzur4-A-šur,"2 talents 10 minas of tin under seal, 34 kutanu-textiles, 2 black donkeys, 0.66666 mina of silver and 6 minas of tin for his expenses— he must calculate for you the value of the tin in silver using the rate which is established by the enterprise— as for the donkey-driver, his wages have been paid for the stretch until Hurama— with all this Šuli son of Puzur-Aššur"
auto_sent_0001062,um-ma A-šùr-i-dí-ma a-na A-šùr-na-da ù A-šùr-ta-ak-lá- ku,From Aššur-idī to Aššur-nādā and Aššur-taklāku:
auto_sent_0001063,qí-bi-ma a-na A-šùr-na-da,to Aššur-nādā:
auto_sent_0001064,qí-bi4-ma 0.5 ma-na KÙ.BABBAR ša ik-ri-be-kà ša A-šùr,You have sent me 0.5 mina of silver from your votive offerings for divine Aššur.
auto_sent_0001065,tù-šé-bi4-lam 4 ku-ta-ni,They are bringing to you 4 kutānu-textiles.
auto_sent_0001067,Šu-Nu-nu na-aš-a-kum a-na,Šu-Nūnu brings it to you. To Aššur-taklāku:
auto_sent_0001068,A-šùr-ta-ak-lá-ku qí-bi4-ma 0.5 ma-na 5 GÍN KÙ.BABBAR ša ik-ri-be-kà ša A-šùr tù-šé-bi4- lam,<gap> You sent me 0.5 mina 5 shekels of silver from your votive offerings to divine Aššur.
auto_sent_0001069,ni-is-ha-ṣú ú-sa-he-er-ma <gap> ù ší-ti KÙ.BABBAR <gap> <gap>-in break <gap>-ni-ni <gap> x⁷ za-ki-a-ma <gap> KÙ.BABBAR i-pá-ni-e-ma,I have deducted its [import] duty and <gap> and the rest of the silver <gap> break <gap> Clear it and send the silver to me with the first traveler.
auto_sent_0001070,a-li-ki-im šu-up-ra-nim,To Aššur-taklāku:
auto_sent_0001071,a-na A-šùr-ta-ak-lá-ku qí-bi4-ma šu-ma a-hi a-ta ší-tí lu-qú-tim ša šé-pí-kà za-ki-a-ma šé-bi4-lá-ma a-dí ša-ah-ra-tí-ni li-ba-al-ki-it-ma KÙ.BABBAR 1 GÍN li-bi-tám lu-qú-tám wa-ar-ki-tám,"If you are truly my brother, clear the remainder of the goods transported by you and send it to me, and let it be shipped while you are delayed so every shekel of silver is active for me."
auto_sent_0001072,ša ú-šé-bi4-lá-ku-ni aš-pu-ra-kum um-ma a-na-ku-ma KÙ.BABBAR a-na É A-limki a-ša-qal,"I wrote you about the later shipment I sent to you, saying:"
auto_sent_0001073,i-hi-id-ma KÙ.BABBAR šé-bi4-lam,I have to pay the money to the City Hall.
auto_sent_0001075,um-ma A-šùr-i-dí-ma a-na A-šùr-na-da ù A-šùr-ta-ak-lá-ku,From Aššur-idī to Aššur-nādā and Aššur-taklāku:
auto_sent_0001076,qí-bi-ma <gap> 2 GÚ 10 ma-na AN.NA ku-nu-ku 2 ANŠE.HI.A ṣa-la-mu 30 TÚG ku-ta-nu 4 TÚG: šu-ru-tum ša li-we-tim kà-áb-tù-tum 16 ma-na AN.NA a-qá-tí-šu a-dí-in 1 TÚG ra-qú- tum 1 TÚG ša Ta-tur4-a-li-ša 1 TÚG ša DINGIR-šu-GAL mi-ma a-nim LUGAL-IM ub-la-ku-nu-tí,"<gap> 2 talents 10 minas of tin under seal, 2 black donkeys, 30 kutānu-textiles, 4 black, heavy textiles for the wrapping— I gave 16 minas of tin for his expenses—1 thin textile, 1 textile belonging to Tātur-ališša, 1 textile belonging to Ilšu-rabi—all this Šar-Adad brought to you."
auto_sent_0001077,a-na A-šùr-ta-ak-la-ku qí-bi-ma,To Aššur-taklāku:
auto_sent_0001078,lu-qú-tám a-ni-tám za-ki-ma šu-ma a-hi a-ta i-na iš-tí-in a-li-ki- im,"Clear these goods , and, as you are my brother, send me silver with the very first caravan."
auto_sent_0001080,lá tù-lá-ma-an i-hi-id me-eh-ra-tim i-ra-mi- hi-kà šé-bi-lam,Take care to send me the corresponding amount out of your own funds.
auto_sent_0001082,2 GÚ 10 ma-na AN.NA ku-nu-ku 35 TÚG ku-ta-nu 2 ANŠE ṣa-la-mu 6 ma-na AN.NA ù 0.66666 ma-na KÙ.BABBAR a-qá-tí-šu mi-ma a-nim i-a-um Ku-ru-ub-Ištar na-aš-a-ku-nu-tí AN.NA ù TÚG.HI.A ma-la i-na É.GAL-lim i-za-ku-a-ni a-na A-šùr-ta- ak-la-ku dí-in: šu-ma A-šùr-ta-ak-la-ku la-šu a-šar wa-áś-bu šé-bi-il5-šu,"2 talents 10 minas of tin under seal, 35 kutānu-textiles, 2 black donkeys, 6 minas of tin plus 0.66666 minas of silver for his expenses—with all this, my personal property, Kurub-Ištar is on his way to you. Give the tin and the textiles, as many as are cleared in the palace, to Aššur-taklāku; If Aššur-taklāku is not there, then send it to him where he is."
auto_sent_0001084,a-na A-šùr-ta-ak-la-ku,To Aššur-taklāku:
auto_sent_0001085,qí-bi-ma i-na Bu-ru-úš -ha-dim kà-ra-am lá tù-ṣa-áb i-nu-mi té-ru-bu a-lá-an 10 u4-me la tù-ṣa-áb šú-ha-ra-tim a-tal- kà-nim a-tal kà-nim,"In Burušhaddum you should not stay in the colony; when you arrive, do not stay more than 10 days. Ask for the girls; clear yourselves and set out to come here personally."
auto_sent_0001086,um-ma A-šùr-i-dí-ma a-na A-šùr-na-da ù Ì-lí-a-lim qi-bi4-ma,From Aš[šur-idī] to Aššur-nādā and Ilī-ālum:
auto_sent_0001087,i-na ba-áb ha-ra-ni-kà aq-bi4-a-kum um-ma,When you were about to leave I said to you:
auto_sent_0001088,a-na-ku-ma ú-za-kà-ma a-šà-pá-ra-kum ú-za-ki-ma a-wa-at DINGIR-lí da-na,"When I have cleared myself of obligations, I shall write to you. I have now cleared myself, and the words of the gods are urgent."
auto_sent_0001089,a-pu-tum i-na u4-mì-im ša ṭup-pá-am ta-šà-me-a-ni É-tí 2 GEMÉ.HI-tí-kà ki-lá al-tì-ma ù té-i-tí-in ki-lá-al-lí-tí-ma a-na ší-mi-im dí-na-ma KÙ.BABBAR šé-bi4-lam⁷ ù,"Please, the very day you hear this letter you must offer for sale the houses, both of your slave-girls and both of the grinding-girls, and then send me the silver!"
auto_sent_0001094,li-li-kam ù šú-ha-rí¹ a-sé-er É { <gap> šu ma}⁷ tù-ru-ud <gap> NINDA lá ma′ <gap> a-na <gap> li-ip-tí-šu nu-ta-ra-kà-ma DUMU Kà-ri-a li-<gap> ša 1 ma-na KÙ.BABBAR iš-qú-lu DINGIR-lí be-el KÙ.BABBAR,"Also, send my servant to the house of <gap> Bread <gap> for <gap> we shall return to you, and Karriyas son who has paid 1 mina of silver. My god is the owner of the silver."
auto_sent_0001095,a-na A-šúr-i-dí qí-bi4- ma um-ma A-šúr-na-da- ma,To Aššur-idī from Aššur-nādā:
auto_sent_0001096,10 ma-na KÙ.BABBAR ṣa-ru-pá-am ša ba-ri A-lá-hi-im ù i-a-tí Ha-na-nu-um DUMU I-ku-pí- a a-na A-lá-hi-im ù A-šúr-ta-ak-lá-ku,"The 10 minas of refined silver which is owned jointly by Alāhum and myself, Hannānum, the son of Ikuppiya, has sent to Alāhum and Aššur-taklāku."
auto_sent_0001097,ú-šé-bi4-il5 um-ma,I said:
auto_sent_0001098,a-na-ku-ma ni-is-ha- tim ù ša-du-a- tám ra-dí-a-ma a-na a-bi4-ni ù ša ki-ma A-lá-hi-im šé-bi4-lá a-bi4 a-ta be-li a-ta a-na mì-ma KÙ.BABBAR ù GUŠKIN ša uš-té-bi4-lá-ku-ni mì-iš-lam5 AN.NA SIG5 wa-at-ra-am mì-iš-lam TÚG.HI.A,"Add the import duty and the transport tariff and send it to our father and Alāhums representatives. If you are truly my father and lord, for all the silver and gold I have sent you buy half tin of extraordinary quality and half textiles."
auto_sent_0001100,a-na A-šúr-i-dí qí-bi-ma um-ma A-šúr-na-da-ma,To Aššur-idī from Aššur-nādā:
auto_sent_0001101,a-na šu-mì ni-kà-sí-a a-dí iš-ri-šu ta-aq-bi4-a-am,With respect to my account you told me 10 times:
auto_sent_0001102,um-ma a-ta-ma i-na KÙ.BABBAR-pì-a šu-qú-ul ù i-na ša-am-ší ú-ṣí-a-ni um-ma a-na-ku ma,Pay with my silver. And the day I left I said:
auto_sent_0001103,lá-áš-hu-ut um-ma a-ta-ma,Let me clear it. You answered:
auto_sent_0001104,lá ta-ša-ha-at a-na mi-ni-a: a-na-ku ú-ša-zi-iz,Do not clear it! For which of my affairs have I personally appointed someone to represent me?
auto_sent_0001108,a-na A-šúr-i-dí qí-bi4-ma um-ma A-šúr-na-da-ma,To Aššur-idī from Aššur-nādā:
auto_sent_0001109,40 ma-na AN.NA ša 0.5 ma-na KÙ.BABBAR hu-ša-e: e-li-a-tim ša 0.33333 ma-na KÙ.BABBAR <gap>-ú-tim 13.33333 ma-na <gap> .1 DUG ri-iš-tum 19 <gap>,"40 minas of tin, representing 0.5 mina of scrap silver, top-packs for 0.33333 mina of silver <gap> 13.33333 minas <gap> 1 jar of first-class oil 19 <gap> <gap> ."
auto_sent_0001111,um-ma A-šur-na-da-ma a-na Ší-ša-ah-šu-šar,From Aššur-nādā to Šīšahšūšar:
auto_sent_0001112,qí-bi4-ma a-ša áš-pu-ra- ki-ni um-ma a-na-ku-ma,"As to the fact that I wrote to you, saying:"
auto_sent_0001113,a-re-eš15 da-áś-e a-ša-pá-ra-ki-ma ta-li-ki-im li-bi4-ki lá tù-lá-mì-ni ku-sú-um is-ni-iq-ni a-tí-ma ù bu-lá-tí-im ša a-da-gu5-lu-ni a-na ba-áb-tim i-tù-ar-ma a-ší-a-tí lá áš-pu-ra-ki<-im>,"At the beginning of spring I shall write to you, so you can come here—do not be angry at me! The cold weather caught up with us, and consequently the capital that I was expecting reverted to outstanding claims, and that is the reason I did not write to you."
auto_sent_0001114,mì-šu ša um-ma a-tí-ma,Why do you say:
auto_sent_0001115,ú-lá al-tè-e,I cannot manage?
auto_sent_0001122,qí-bi-ma ú-ṭá-tám ù sú-ba-ra-am ma-lá Ì-lí-i-šar ù Hu-lu-ba ší-im ni-ga-li ù AN.NA ša a-dí-šu-nu-tí-ni-ma a-na A-lá-ni ub-lu-ni ma-lá i-dí-nu-ni-ki-ni mì-šu-um ma-tí-ma tí-ir-tí-ki lá i-lá-kam,"As to the grain and the subāru-fodder, as much as Ili-išar and Huluba as the price of sickles and tin, which I gave to them and which they brought to Alāni —why have you not sent me word at all about how much they have given to you?"
auto_sent_0001125,40 ma-na URUDU 10 TÚG ku-ta- nu 4 šu-ru-tum ša TÚG,"40 minas of copper, 10 kutānu-textiles, 4 black textiles, of the textiles"
auto_sent_0001126,ša il5-qé-ú-šu-nu-ni,which they took for themselves.
auto_sent_0001127,um-ma A-šur-na-da- ma a-na Ší-ša-ah-šu- šar,From Aššur-nādā to Šīšahšūšar:
auto_sent_0001128,qí-bi-ma 55 ma-na Ì.KAL ša hu-zi-ri-im nu-hu-um ku-nu-ki-a ù na-ru-tum ša e-ru-bu dUTU-ba-ni na-aš-a-ki-im,"<gap> 55 minas of lard, a leather pouch under my seal, plus the narūtu-malt that has arrived, Šamaš-bāni is on his way to you with that."
auto_sent_0001133,um-ma A-šur-na-da-ma a-na A-šur-ta-ak- lá-ku ù Ši-ša-ah-šu-šar,From Aššur-nādā to Aššur-taklāku and Šišahšušar:
auto_sent_0001134,qí-bi-ma mì-šu ša um-ma a-tí-ma,<gap> Why is it that you say:
auto_sent_0001135,e-lá 20 na-ru-uq GIG ù 15 na-ru-uq še-im ša Ku-tù-bi4-iš i-dí-na-ni mì-ma ša-ni-um lá-šu a-li 40 ma-na ni-ga-lu 2.5 ma- na AN.NA ša a-na Ša-na-a Ì-lí-šar ù Hu-lu- ba,Apart from 20 sacks of wheat and 15 sacks of barley that Kutubiš gave me there is nothing else ! Where are the 40 minas of sickles the 2.5 minas of tin which Ili-išar and Huluba brought to Šana?
auto_sent_0001139,um-ma A-šur-na-da-ma a-na A-gu-za Ši-ša-ah-šu-šar ù A-šur-dUTU-ši,"From Aššur-nādā to Aguza, Šišahšušar and Aššur-šamšī:"
auto_sent_0001140,qí-bi-ma šu-ma dIM-ba-ni tup-pu-šu e-ri-iš-ku-nu tup-pi-a pé-té-a-ma tup-pu-šu am-ra-ma ša i-ša-qú-lu ṣa-hi-ra-ma ša ší-tim tup-pu-šu lu-up-ta-ma ù a-li-am dí-na-šu-um,"If Adad-bāni asks you for his tablet, then open my tablet , look for his tablet, deduct what he will pay and write a tablet for him concerning the rest—and only then give him the other one."
auto_sent_0001143,um-ma A-šùr-na-da-ma a-na A-gu-za Ú-ṣú-ur-ša-A-šur ù Ší-ša-ah-šu-sar,"From Aššur-nādā to Aguza, Uṣur-ša-Aššur and Šišahšušar:"
auto_sent_0001144,qí-bi-ma 10+7 GÍN KÙ.BABBAR ṣa-ru-pá-am iš-tù 8 MU.ŠÈ Ku-zi-zi-a,17 shekels of refined silver Kuziziya borrowed from me 8 years ago.
auto_sent_0001145,ha-bu-lam i-nu-mì wa-áš-ba-ku-ni as-ba-sú-ma um-ma šù-ut-ma,"When I stayed there I seized him, but he said:"
auto_sent_0001146,ú-nu-ú: a-dí-ni lá e-ru-ba-am a-hu-a: a-tù-nu ṣa-áb-ta-šu-ma KÙ.BABBAR ù ṣí-ba-sú ma-lá wa-as-mu ša-áš-qí-lá-šu,"My merchandise has not arrived yet. My dear brothers, seize him and make him pay the silver and as much interest as is fitting."
auto_sent_0001150,um-ma A-šùr-na-da- ma a-na I-dí-Šú-in ù Ší-ša-ah-<šú->ša-ar,From Aššur-nādā to Iddin-Suen and Šišahšušar:
auto_sent_0001151,qí-bi4-ma 17 GÍN KÙ.BABBAR ṣa-ru-pá-am ší-im a-bar-ni-im Ku-zu-zi-a iš-tù 10 ša-na-tim ha-bu-lam,"Kuzuziya has owed me 17 shekels of refined silver, the price of an abarniu-textile, for 10 years."
auto_sent_0001160,a-na A-lá-hi-im E-me-me ù Ší-ša-ah- šú-šar qí-bi-ma <um-ma A-šur-na-da-ma>,"To Alāhum, Ememe and Šišahšušar :"
auto_sent_0001161,0.33333 ma-na 1 GÍN KÙ.BABBAR ku-nu-ki-a Puzur4-A-šur na-áš-a-ku-nu-tí,Puzur-Aššur is on his way to you with 0.33333 mina 1 shekel of silver under my seal.
auto_sent_0001162,e-sí: ù qá-nu-e ti-ša-a-ma ša GUD.HI.A ša-da-dim li-iš-du-du-nim ša a-ma-kam-ma ša ma-zi-re-e ma-lá-hi ù ha-ba- ša-tim ša-mì,"Buy fire-wood and reeds, and have the oxen haul as much of what is there as they can; Buy malahum and habāšatum utensils for the mazīru tin."
auto_sent_0001163,a-pu-tum mì-ma šú-mì-šú lu er-sú-ma i-na e-ra-bí4-a-ma,Please may everything be ready so I can move quickly as soon as I arrive.
auto_sent_0001164,lu-ra-tí-ib šu-ma TÚG.HI.A ša Šú-Šú-in ù i-a-tí iš-tú Ur-šù ub-lu-nim a-ma-kam-ma dí-na-ma šì-im-šú-nu zu-za,"If they brought the textiles belonging to Šū-Suen and myself from Uršu, then sell them there and divide the proceeds."
auto_sent_0001165,a-ni-um: a-na-kam i-ta-an-ki-iš,This one was set aside here.
auto_sent_0001166,šú-ma Ku-tù-bi4-iš: KÙ.BABBAR mì-ma e-ri-iš dí-na-šú-um,If Kutubiš asks for any silver then give him some.
auto_sent_0001167,a-na A-lá-hi-im E-me-me ù A-šùr-ta-ak-lá-ku qí-bi-ma um-ma A-šùr-na-<da->-ma,"To Alāḫum, Ememe and Aššur-taklāku from Aššur-nādā:"
auto_sent_0001168,iš-tù: 11 0.33333 ma-na 5 GÍN <gap> KÙ.BABBAR qá-tí 7.33333 ma-na qá-tí a-bi4-ni za-am-ru 18 ku-ta-ni 5 TÚG šu-ru-tum É kà-ri-im na-ad-a-ku-ma lá za-am-ru 10 ku-ta-ni ù 4 TÚG šu-ru-tim É wa-áb- ri-ni e-zi-ib ŠÀ.BA 4 ku-ta-ni i-qá-tí Ù-ṣú-ur-ša-A-šur i-na-dí- ú-ma KÙ.BABBAR a-qá-tim ša a-bi4-ni i-tá-hi kà-ru-um i-dí-na-šu,"After my account and our fathers account had been recorded at 11.33333 minas 5 shekels and 7.33333 minas respectively, I have been booked for 18 kutānu-textiles and 5 black textiles in the colony office, but these were not recorded. 10 kutānu- textiles and 4 black textiles I left in our guest-house. Thereof they will deposit 4 kutānu-textiles on Uṣur-ša-Aššurs account, but the silver will be transferred to our fathers account. The colony has given it to me."
auto_sent_0001169,i-dí: lá i-dí ù KÙ.BABBAR ma-lá qá-tí a-bi4-ni ┐ù¹ qá-tí za-am-ru tí-ir-ta- ak-nu li-li-kam 2.5 ma-na KÙ.BABBAR qá-dum GUŠKIN <gap> hu Dan-A-šur <gap> um⁷ 40 ma-na URUDU É wa-áb-ri-ni e-zi- ib,Send me word telling me whether or not he has deposited anything and how much silver has been recorded for our fathers account and mine. 2.5 minas of silver together with the gold <gap> Dān-Aššur <gap> 40 minas of copper I left in our guest-house.
auto_sent_0001170,<gap> URUDU <gap> GÍN 15 0.5 ŠE KÙ.BABBAR <gap>-ší 2 ma-na KÙ.BABBAR ṣa-ru-pá-am qá-tí ┐ù¹ qá-tí a-bi4-ni a-dí-ma ┐ù¹ 28.66666 ma-na 7.5 GÍN ┐KB¹ ša ILLAT-at Pu-šu-ki-in,"<gap> copper <gap> shekels 15.5 grains of silver <gap> I deposited 2 minas of refined silver on my account and on our fathers account, so that 28.66666 minas 7.5 shekels of silver is from Pūsu-kēns enterprise:"
auto_sent_0001171,30 ma-na TA ŠÍG.HI.A,at 30 minas wool.
auto_sent_0001172,a-na 1 ma-na-im ša 3 TÚG.HI.A ša Ur-šu ša šé-pi-a ┐ta-áš-pu-ra-am um-ma,"As to the 1 mina for three textiles from Uršu transported by me, you have written, saying:"
auto_sent_0001175,i-mì-ma a-nim 2.5 ma-na KÙ.BABBAR ┐ù¹ <gap> ṣí-ba-tí-šu ša A-zu ša-bi4-a 20+ <gap> ni-ga-li ù 2 ma-na <gap> ┐1 ma-na a-na ú-tí-tim { <gap> } ša-dí-na,Have paid in full out of all this 2.5 minas of silver plus interest belonging to Azu. 20+ <gap> sickles plus 2 minas <gap> Have paid 1 mina for grain.
auto_sent_0001218,um-ma a-ta-ma a-na ru-ba-im a-qí-aš ù 2 ma-na hu-ša-e uṣ-ba-ku-um um-ma a-ta-ma pá-šu-ra-am SIG5 ša 10 GÍN KÙ.BABBAR a-da-na-ku-um šu-ma a-hi a-ta pá-šu-ra-am SIG5 a-na A-šur-ta-ak-lá-ku,"You said: I shall give them as a gift to the king. I furthermore added for you 2 minas of scrap metal. You said: I shall give you good quality retail goods worth 10 shekels of silver in return. My dear brother, give the good quality retail goods to Aššur-taklāku."
auto_sent_0001219,di-in a-na A-šur-ta- ak-lá-ku qí-bi4-ma 3 ma-na 12 GÍN AN.NA a-na ILLAT šu-ku-un,To Aššur-taklāku: <gap> Deliver 3 minas 12 shekels of tin to the enterprise.
auto_sent_0001257,1 ma-na KÙ.BABBAR a-ši-im 2 GUD.HI.A ù ú-tí-tim a-na me-er-e ša-ku-li-im ag-mu-ur ší-tí KÙ.BABBAR-pì-kà 2 ma-na 0.66666 GÍN i-na li-bi4 5 ma-na 1 GÍN KÙ.BABBAR lu-qú-tim ša še-ep En-nam-Be-lim ú-ša-he-er ší-tí KÙ.BABBAR-pì-a 2 ma-na 0.33333 GÍN i-na pá-ni-e-ma,"1 mina of silver I spent on the price of 2 oxen and grain to feed the sons. The rest of your silver: <gap> 2 minas 0.66666 shekels, I deducted from the 5 minas 1 shekel of silver, the shipment transported by Ennam-Bēlum; <gap> send the rest of my silver, 2 minas 0.33333 shekels as soon as possible."
auto_sent_0001263,mi-ma KÙ.BABBAR-áp-kà lá al-qé ú ni-kà-si ú-ni-a-ni-ma KÙ.BABBAR 1 ma-na ù 2 ma-na i-ṣé-ri-a il5-qé AN.NA 1 GÚ KI Ša-lim-a- hi-im a-na u4-me ni-il5-qé-ma a-na Bu-ru-uš-ha-dim ú-šé-ri-ib-ma ih-ta-al-qé-ni a-wa-at A-limki lá tí-de8 a-na-kam a-ba-ú-šu im-tí-du-ma a-hi-ni nu-šé-ši-ib-ma a-šu-mi KÙ.BABBAR a-na-kam <gap> ra-kà-si< -im> ni-iš A-limki ú-ta-me-ú-ni-a-tí-ma a-na 6 ma-na KÙ.BABBAR ú-ma-gi5-ru-ni- a-tí iš-tù ITI.1.KAM Tán-bar-ta li-mu- um Ib-ni-dIM DUMU Ba-qú-ni-im 1 ma-na.TA i-na ša-tim KÙ.BABBAR ša-al-ma-am i-na A-limki i-ša-qá-lá-kum ša KÙ.BABBAR 1 ma-na ù 2 ma-na ši-ma-am na-ší,"Give me my silver! He answered: I have not taken any of your silver. So, he cheated me with the account, for he has taken at least 1 or 2 minas of silver at my expense. We have borrowed tin, 1 talent, from Šalim-ahum on fixed terms, and he brought that into Burušhaddum where it was lost for me. Dont you know the state of affairs in the City? Here his fathers have become numerous, so we convened our colleagues, and they made us swear an oath by the City concerning the contractual agreement to pay the silver here , where they made us agree on 6 minas of silver: Reckoned from the month Tanbarta in the eponymy of Ibni-Adad son of Baqqunum he is to pay 1 mina per year without deduction to you in the City. He carries goods worth at least 1 or 2 minas of silver."
auto_sent_0001267,a-li-ki-im ṭur4-dam um-ma A-šur-i-dí-ma a-na A-šur-na-da qí-bi4-ma: a-šu-mi I-dí-Sú-in ša ta-áš-pu-ra-ni I-dí-Sú-in aš-ba-at-ma i-ma-ha-ar a-hi-ni um-ma a-na-ku- ma KÙ.BABBAR i-na ba-a-ba-tí-a ta-al-ta-qé KÙ.BABBAR-pì dí-nam um-ma šu-ut-ma,"<gap> From Aššur-idī to Aššur-nāda: Concerning Iddin-Suen about whom you wrote, I seized Iddin-Suen and in the presence of our colleagues I said: You have taken silver from my outstanding claims!"
auto_sent_0001268,mi-ma KÙ.BABBAR-áp-kà lá al-qé ú ni-kà-si ú-ni-a-ni-ma KÙ.BABBAR 1 ma-na ù 2 ma-na i-ṣé-ri-a il5-qé AN.NA 1 GÚ KI Ša-lim-a- hi-im a-na u4-me ni-il5-qé-ma a-na Bu-ru-uš-ha-dim ú-šé-ri-ib-ma ih-ta-al-qé-ni a-wa-at A-limki lá tí-de8 a-na-kam a-ba-ú-šu im-tí-du-ma a-hi-ni nu-šé-ši-ib-ma a-šu-mi KÙ.BABBAR a-na-kam ra-kà-si< -im> ni-iš A-limki ú-ta-me-ú-ni-a-tí-ma a-na 6 ma-na KÙ.BABBAR ú-ma-gi5-ru-ni- a-tí iš-tù ITI.1.KAM Tán-bar-ta li-mu- um Ib-ni-dIM DUMU Ba-qú-ni-im 1 ma-na.TA i-na ša-tim KÙ.BABBAR ša-al-ma-am i-na A-limki i-ša-qá-lá-kum ša KÙ.BABBAR 1 ma-na ù 2 ma-na ši-ma-am na-ší,"Give me my silver! He answered: I have not taken any of your silver. So, he cheated me with the account, for he has taken at least 1 or 2 minas of silver at my expense. We have borrowed tin, 1 talent, from Šalim-ahum on fixed terms, and he brought that into Burušhaddum where it was lost for me. Dont you know the state of affairs in the City? Here his fathers have become numerous, so we convened our colleagues, and they made us swear an oath by the City concerning the contractual agreement to pay the silver here , where they made us agree on 6 minas of silver: Reckoned from the month Tanbarta in the eponymy of Ibni-Adad son of Baqqunum he is to pay 1 mina per year without deduction to you in the City. He carries goods worth at least 1 or 2 minas of silver."
auto_sent_0001280,da-ni-in: lu-qí-tám wa-šé-er um-ma A-šùr-i-dí-ma a-na A-šùr-na-da qí-bi4-ma a-šù-mi KÙ.BABBAR ša Kà-ri-a ù ku-a-tí: ša tù-šé-bi-lá-ni um-ma ša ki-ma Kàr-ri-a-ma lu-qí-tám a-na i-ta-aṭ-li-im,"<gap> From Aššur-idī to Aššur-nādā: With regard to the silver belonging to Karria and yourself which you sent to me, Karrias representatives said: Let him sell the goods for cash on delivery, and send the silver here!"
auto_sent_0001282,um-ma A-šur-i-dí-ma a-na A-šur-na-da qí-bi4-ma 5 GÍN KÙ.BABBAR i-na e-ra-bi4-šu-ma Ás-qú-dí-a ša-áṣ-qí-il5-ma iš-tí ší-im ANŠE ku-nu-uk-ma i-pá-ni-e-ma,"From Aššur-idī to Aššur-nāda: Make Asqudia pay 5 shekels of silver as soon as he arrives, seal that together with the money from the sale of the donkey, <gap> and send it as soon as possible."
auto_sent_0001294,ù šé-ši-šu: tù-pá-šé-er ù kà-ki: ša A-šur ù A-šu-ri-tim im-hu-šú- kà ù tù-pá-šé-er um-ma a-ta-ma i-na šé-ri-šu li-mu-ru ša a-wa-at: i-lí a-na ša ta-ni-iš-tim,"But though the weapons of divine Aššur and Aššuritum have hit you, you still broke your word, saying: Let them care about him who treats the words of the gods as those of mankind. So far you have not left."
auto_sent_0001297,ri-im: šú-uh-ri-ma a-zu-áb: A-šur ù A-šu-ri- tum uš-ta-na-ú-du-kà um-ma šu-nu-ma lá-am-na- tim i-na li-bi4-šu e-ta-wu li-bu-šu lá iš-ru-ni-ku-um qá-šu na-ba-al-ku-ta-at kà-lá a-wa-tim ša i-lí e-ta-wu-ni-ku-um a-wa-tim ša be-tí-ni: a-dí a-šu-ri-ma ta-am-tí-ši um-ma DINGIR-lu-ma a-wa-ti-ni ú-lá im-tù-a a-pu-tum a-wa-at,"Aššur and Aššuritum are giving you urgent instructions with the words: He speaks wickedness in his heart, his thoughts are not friendly towards you, his hand is turned away. All those words of the gods they spoke to you, words about our family, heaven forbid that you should have forgotten them! The gods said: He has refused to obey our commands! Please, obey the commands of the gods!"
auto_sent_0001301,ù a-wa-at i-lí iš-té-me li-ba-kà lá ú-lá-mì-in um-ma A-šur-i-dí-ma a-na A-šur-na-da qí-bi4-ma ta-li-kam-ma: a-dí 5-ši-šu,He cannot have made you angry. <gap> From Aššur-idī to Aššur-nāda: After you came here you have broken your promises five or six times!
auto_sent_0001303,um-ma A-šur-i-dí-ma a-na Puzur-Ištar ù Ás-qú-dim qí-bi4-ma 1 GÚ.5 ma-na AN.NA ku-nu-ki ša Ás-qú-dum na-aš-ú a-na-ma Tí-me-el-ki-a ta-kà-ša-dá- ni um-ma a-tù-nu-ma a-na Šu-Ištar DUMU A-zu-da qí-bi4-a-ma tí-ir-tí A-šur-i-dí AN.NA 1 GÚ le-qé-ma gi-mì-lam i-na še-ri-šu šu-ku-un tup-pu-šu ha-ar-ma-am ša hu-bu-li-šu lu-up-ta a-na 25,"From Aššur-idī to Puzur-Ištar and Asqudum: As to the 1 talent 5 minas of tin under seal which Asqudum is bringing, as soon as you reach Timelkia you must say as follows to Šu-Ištar, the son of Azuda: Aššur-idis orders were that you should take at least 1 talent of tin to do him a favour. Draw up a certified tablet concerning his debt to run for 25 weeks."
auto_sent_0001349,um-ma A-šùr-i-dí-ma a-na A-šùr-na-da qí-bi-ma ša-am-ša-am ša 15 GÍN GUŠKIN a-na dNIN.ŠUBUR ha-bu-lá- ku,From Aššur-idī to Aššur-nādā: I owe a sun-disk weighing 15 shekels of gold to divine Ilabrat.
auto_sent_0001360,um-ma A-šùr-i-dí-ma a-na A-šùr-na-da qí-bi- ma mì-šú ša ta-áš-pu-ra-ni,From Aššur-idī to Aššur-nādā: Why have you written to me.
auto_sent_0001361,um-ma a-ta-ma i-na KÙ.BABBAR-kà ni-kà-ši- a,as follows: I shall pay my accounts with your silver.
auto_sent_0001369,it-bi-a-ma: i-tal-kam ù me-er-ú-wa-tí-kà ù-ra-bi-ma um-ma ši-na-ma: la a-bu-ni a-ta i-na ša-al- ší-ma u4-mi-im it-bi-a-ma i-tal-kà-ku-ma tí-ir-ta-kà lu i-de8,"Also your daughters have I raised, but they said: You are not our father. Three days later they got up and left to go to you, so let me know what you think."
auto_sent_0001370,um-ma A-lá-hu-um ù ù A-šur-i-dí-ma a-na A-šur-na-da ù Šu-A-šur qí-bi-ma a-na A-šur-na-da qí-bi-ma i-na ù-mi-im ša tup-pá-am ta-ša-me-a-ni 1 GÚ AN.NA ku-nu-ki ša A-limki Šu-A-šur li-dí-na-ku-ma i-na e-tí-šu 10 ma-na KÙ.BABBAR ṣa-ru-pá-am šu-qú-ul-šu-um,"From Alāhum and Aššur-idī to Aššur-nādā and Šū-Aššur; to Aššur-nādā: the same day that you hear the letter Šū-Aššur shall give you 1 talent of tin under the seal of the City, and you must pay him 10 minas of refined silver promptly."
auto_sent_0001378,um-ma A-šur-i-dí-ma a-na A-šur-na-da qí-bi-ma 1 GÚ AN.NA ša A-lá-hi-im Šu-A-šur li-dí-na- ku-ma 10 ma-na KÙ.BABBAR ṣa-ru-pá-am a-na e-tí-šu šu-qú-ul-šum,"From Aššur-idī to Aššur-nādā: Šu-Aššur should give you 1 talent of tin that belongs to Alāhum, and then pay him 10 minas of refined silver promptly."
auto_sent_0001380,um-ma A-šur-i-dí-ma a-na A-šur-na-da qí-bi4-ma mì-šu ša ta-aš-pu-ra-ni um-ma a-ta-ma um-ma DUMU A-lá-hi-im-ma 10 ma-na KÙ ša a-bi4-kà a-ṣa-ba-at KÙ.BABBAR-pi i-na ki-dí-im za-ru šu-ma šu-ut 10 ma-na KÙ.BABBAR i-ṣa-ba-at a-ta 11 ma-na KÙ.BABBAR ša a-bi4-šu,"From Aššur-idī to Aššur-nādā: Why have you written me as follows: Alāhums son said to me: I shall seize 10 minas of silver belonging to your father. My silver has been scattered around outside! If he seizes 10 minas of silver, then you must seize 11 minas of his fathers silver!"
auto_sent_0001385,um-ma A-šur-i-dí-ma a-na A-šur-na-da qí-bí4-ma mì-šu ša ta-aš-pu-ra-ni um-ma a-ta-ma i-na KÙ.BABBAR-pi-kà DUMU A-lá-hi-im i-ṣa-ba-at ma-nam ha-bu-lá-ku-ma ta-am-giš-ir-tí-ni 2 GÚ AN.NA ku-nu-ki ša A-limki Šu-A-šur ma-ah-ri-kà i-šá-kà-an-ma i-2 ší-ta iš-té-et ta-na-sà-aq-ma 10 ma-na KÙ.BABBAR a-na e-tí-kà ta-šá-qal,"From Aššur-idī to Aššur-nādā: Why have you written me as follows: Alāhums son will seize some of your silver? To whom do I owe anything, since it was our agreement that Šu-Aššur will place 2 talents of tin under the seal of the City authorities, before you and you will choose one of the two and pay 10 minas of silver promptly."
auto_sent_0001393,um-ma A-šur-i-dí-ma a-na A-šur-na-da qí-bí4-ma DUMU A-lu-lá-a pá-šu a-na-kam i-dí-nam um-ma Šu-ut-ma i-na e-ra-bí4-a-ma 6 ma-na KÙ.BABBAR ú-šé-ba-lá-kum 1 ma-na KÙ.BABBAR iš-tí DUMU Puzur4-Ištar ú KÙ.BABBAR ša Zu-zu ú ša ih-bu-lá-ku-ni i-hi-id-ma i-pá-ni-e-ma,"From Aššur-idī to Aššur-nādā: Alulayas son gave me his word here, saying: As soon as I arrive I shall send you 6 minas of silver. 1 mina of silver is owed by Puzur-Ištars son, and take care to send Zuzus silver as well as what he borrowed from you as soon as possible."
auto_sent_0001395,um-ma A-šur-i-dí-ma a-na A-šur-na-da qí-bí-ma 5 TÚG ku-tí-nu ša A-šur-be-lá-wa-tim ša i-na ku-nu-uk A-šur-i-mì-tí kà-an-ku-ni ša 13 ma-na.TA i-na A-limki it-bu-lu-ni i-na ba-ab wa-ṣa-i-šu i-nu-mì a-na A-limki ha-ra-šu-ni 2 ma-na 5 GÍN KÙ.BABBAR ṣa-ru-pá-am me-eh-ra-tim dí-šu-um,"From Aššur-idī to Aššur-nādā: As to the 5 kutinu-textiles belonging to Aššur-bēl-awātim which were put under seal by Aššur-imittī, and which cost 13 minas a piece in the City— when he is about to leave on a trip to the City give him as an equivalent 2 minas 5 shekels of refined silver"
auto_sent_0001396,um-ma A-šur-i-dí-ma a-na A-šur-na-da qí-bí4-ma iš-tí um-me-a-ni-a,From Aššur-idī to Aššur-nādā: I shall negotiate with my shareholders.
auto_sent_0001400,um-ma A-šur-i-dí<ma> a-na A-šur-na-da qí-bí4-ma 0.5 ma-na KÙ.BABBAR a-na A-šur-kà-šì-id ha-bu-lá-tí 0.33333 ma-na a-na Ša-lim-a-hi-im ha-bu-lá-tí KÙ.BABBAR i-na pá-ni-i-ma,From Aššur-idī to Aššur-nādā: You owe 0.5 mina of silver to Aššur-kāšid; you owe 0.33333 mina to Šalim-ahum; send them the silver as soon as possible.
auto_sent_0001430,um-ma A-šùr-i-dí-ma a-na A-šur-na-da ù A-šur-ta-ak-la-ku qí-bi-ma 2 GÚ 10 ma-na AN.NA ku-nu-ku 34 TÚG ku-ta- nu 2 ANŠE.HI.A ṣa-la-mu 0.66666 ma-na KÙ.BABBAR ù 6 ma-na AN.NA a-na qá-ti-šu ki-ma AN.NA ILLAT i-ša-ku-nu a-na KÙ.BABBAR AN.NA li-iš-ku-na-ku-nu-tí sá-ri-dum ig-re-šu ša a-dí Hu-ra-ma ša-bu mi-ma a-nim Šu-li DUMU Puzur4-A-šur,"From Aššur-idī to Aššur-nādā and Aššur-taklāku: 2 talents 10 minas of tin under seal, 34 kutanu-textiles, 2 black donkeys, 0.66666 mina of silver and 6 minas of tin for his expenses— he must calculate for you the value of the tin in silver using the rate which is established by the enterprise— as for the donkey-driver, his wages have been paid for the stretch until Hurama— with all this Šuli son of Puzur-Aššur"
auto_sent_0001431,um-ma A-šùr-i-dí-ma a-na A-šùr-na-da ù A-šùr-ta-ak-lá- ku qí-bi-ma a-na A-šùr-na-da qí-bi4-ma 0.5 ma-na KÙ.BABBAR ša ik-ri-be-kà ša A-šùr,From Aššur-idī to Aššur-nādā and Aššur-taklāku: to Aššur-nādā: You have sent me 0.5 mina of silver from your votive offerings for divine Aššur.
auto_sent_0001434,Šu-Nu-nu na-aš-a-kum a-na A-šùr-ta-ak-lá-ku qí-bi4-ma 0.5 ma-na 5 GÍN KÙ.BABBAR ša ik-ri-be-kà ša A-šùr tù-šé-bi4- lam,Šu-Nūnu brings it to you. To Aššur-taklāku: <gap> You sent me 0.5 mina 5 shekels of silver from your votive offerings to divine Aššur.
auto_sent_0001436,a-li-ki-im šu-up-ra-nim a-na A-šùr-ta-ak-lá-ku qí-bi4-ma šu-ma a-hi a-ta ší-tí lu-qú-tim ša šé-pí-kà za-ki-a-ma šé-bi4-lá-ma a-dí ša-ah-ra-tí-ni li-ba-al-ki-it-ma KÙ.BABBAR 1 GÍN li-bi-tám lu-qú-tám wa-ar-ki-tám,"To Aššur-taklāku: If you are truly my brother, clear the remainder of the goods transported by you and send it to me, and let it be shipped while you are delayed so every shekel of silver is active for me."
auto_sent_0001437,ša ú-šé-bi4-lá-ku-ni aš-pu-ra-kum um-ma a-na-ku-ma KÙ.BABBAR a-na É A-limki a-ša-qal i-hi-id-ma KÙ.BABBAR šé-bi4-lam,"I wrote you about the later shipment I sent to you, saying: I have to pay the money to the City Hall."
auto_sent_0001439,um-ma A-šùr-i-dí-ma a-na A-šùr-na-da ù A-šùr-ta-ak-lá-ku qí-bi-ma <gap> 2 GÚ 10 ma-na AN.NA ku-nu-ku 2 ANŠE.HI.A ṣa-la-mu 30 TÚG ku-ta-nu 4 TÚG: šu-ru-tum ša li-we-tim kà-áb-tù-tum 16 ma-na AN.NA a-qá-tí-šu a-dí-in 1 TÚG ra-qú- tum 1 TÚG ša Ta-tur4-a-li-ša 1 TÚG ša DINGIR-šu-GAL mi-ma a-nim LUGAL-IM ub-la-ku-nu-tí,"From Aššur-idī to Aššur-nādā and Aššur-taklāku: <gap> 2 talents 10 minas of tin under seal, 2 black donkeys, 30 kutānu-textiles, 4 black, heavy textiles for the wrapping— I gave 16 minas of tin for his expenses—1 thin textile, 1 textile belonging to Tātur-ališša, 1 textile belonging to Ilšu-rabi—all this Šar-Adad brought to you."
auto_sent_0001440,a-na A-šùr-ta-ak-la-ku qí-bi-ma lu-qú-tám a-ni-tám za-ki-ma šu-ma a-hi a-ta i-na iš-tí-in a-li-ki- im,"To Aššur-taklāku: Clear these goods , and, as you are my brother, send me silver with the very first caravan."
auto_sent_0001446,a-na A-šùr-ta-ak-la-ku qí-bi-ma i-na Bu-ru-úš -ha-dim kà-ra-am lá tù-ṣa-áb i-nu-mi té-ru-bu a-lá-an 10 u4-me la tù-ṣa-áb šú-ha-ra-tim a-tal- kà-nim a-tal kà-nim,"To Aššur-taklāku: In Burušhaddum you should not stay in the colony; when you arrive, do not stay more than 10 days. Ask for the girls; clear yourselves and set out to come here personally."
auto_sent_0001447,um-ma A-šùr-i-dí-ma a-na A-šùr-na-da ù Ì-lí-a-lim qi-bi4-ma i-na ba-áb ha-ra-ni-kà aq-bi4-a-kum um-ma a-na-ku-ma ú-za-kà-ma a-šà-pá-ra-kum ú-za-ki-ma a-wa-at DINGIR-lí da-na,"From Aš[šur-idī] to Aššur-nādā and Ilī-ālum: When you were about to leave I said to you: When I have cleared myself of obligations, I shall write to you. I have now cleared myself, and the words of the gods are urgent."
auto_sent_0001455,ú-šé-bi4-il5 um-ma a-na-ku-ma ni-is-ha- tim ù ša-du-a- tám ra-dí-a-ma a-na a-bi4-ni ù ša ki-ma A-lá-hi-im šé-bi4-lá a-bi4 a-ta be-li a-ta a-na mì-ma KÙ.BABBAR ù GUŠKIN ša uš-té-bi4-lá-ku-ni mì-iš-lam5 AN.NA SIG5 wa-at-ra-am mì-iš-lam TÚG.HI.A,"I said: Add the import duty and the transport tariff and send it to our father and Alāhums representatives. If you are truly my father and lord, for all the silver and gold I have sent you buy half tin of extraordinary quality and half textiles."
auto_sent_0001457,a-na A-šúr-i-dí qí-bi-ma um-ma A-šúr-na-da-ma a-na šu-mì ni-kà-sí-a a-dí iš-ri-šu ta-aq-bi4-a-am um-ma a-ta-ma i-na KÙ.BABBAR-pì-a šu-qú-ul ù i-na ša-am-ší ú-ṣí-a-ni um-ma a-na-ku ma lá-áš-hu-ut um-ma a-ta-ma lá ta-ša-ha-at a-na mi-ni-a: a-na-ku ú-ša-zi-iz,To Aššur-idī from Aššur-nādā: With respect to my account you told me 10 times: Pay with my silver. And the day I left I said: Let me clear it. You answered: Do not clear it! For which of my affairs have I personally appointed someone to represent me?
auto_sent_0001474,um-ma A-šur-na-da- ma a-na Ší-ša-ah-šu- šar qí-bi-ma 55 ma-na Ì.KAL ša hu-zi-ri-im nu-hu-um ku-nu-ki-a ù na-ru-tum ša e-ru-bu dUTU-ba-ni na-aš-a-ki-im,"From Aššur-nādā to Šīšahšūšar: <gap> 55 minas of lard, a leather pouch under my seal, plus the narūtu-malt that has arrived, Šamaš-bāni is on his way to you with that."
auto_sent_0001479,um-ma A-šur-na-da-ma a-na A-šur-ta-ak- lá-ku ù Ši-ša-ah-šu-šar qí-bi-ma mì-šu ša um-ma a-tí-ma e-lá 20 na-ru-uq GIG ù 15 na-ru-uq še-im ša Ku-tù-bi4-iš i-dí-na-ni mì-ma ša-ni-um lá-šu a-li 40 ma-na ni-ga-lu 2.5 ma- na AN.NA ša a-na Ša-na-a Ì-lí-šar ù Hu-lu- ba,From Aššur-nādā to Aššur-taklāku and Šišahšušar: <gap> Why is it that you say: Apart from 20 sacks of wheat and 15 sacks of barley that Kutubiš gave me there is nothing else ! Where are the 40 minas of sickles the 2.5 minas of tin which Ili-išar and Huluba brought to Šana?
auto_sent_0001487,ha-bu-lam i-nu-mì wa-áš-ba-ku-ni as-ba-sú-ma um-ma šù-ut-ma ú-nu-ú: a-dí-ni lá e-ru-ba-am a-hu-a: a-tù-nu ṣa-áb-ta-šu-ma KÙ.BABBAR ù ṣí-ba-sú ma-lá wa-as-mu ša-áš-qí-lá-šu,"When I stayed there I seized him, but he said: My merchandise has not arrived yet. My dear brothers, seize him and make him pay the silver and as much interest as is fitting."
auto_sent_0001500,a-na A-lá-hi-im E-me-me ù Ší-ša-ah- šú-šar qí-bi-ma <um-ma A-šur-na-da-ma> 0.33333 ma-na 1 GÍN KÙ.BABBAR ku-nu-ki-a Puzur4-A-šur na-áš-a-ku-nu-tí,"To Alāhum, Ememe and Šišahšušar : Puzur-Aššur is on his way to you with 0.33333 mina 1 shekel of silver under my seal."
auto_sent_0001506,a-na A-lá-hi-im E-me-me ù A-šùr-ta-ak-lá-ku qí-bi-ma um-ma A-šùr-na-<da->-ma iš-tù: 11 0.33333 ma-na 5 GÍN <gap> KÙ.BABBAR qá-tí 7.33333 ma-na qá-tí a-bi4-ni za-am-ru 18 ku-ta-ni 5 TÚG šu-ru-tum É kà-ri-im na-ad-a-ku-ma lá za-am-ru 10 ku-ta-ni ù 4 TÚG šu-ru-tim É wa-áb- ri-ni e-zi-ib ŠÀ.BA 4 ku-ta-ni i-qá-tí Ù-ṣú-ur-ša-A-šur i-na-dí- ú-ma KÙ.BABBAR a-qá-tim ša a-bi4-ni i-tá-hi kà-ru-um i-dí-na-šu,"To Alāḫum, Ememe and Aššur-taklāku from Aššur-nādā: After my account and our fathers account had been recorded at 11.33333 minas 5 shekels and 7.33333 minas respectively, I have been booked for 18 kutānu-textiles and 5 black textiles in the colony office, but these were not recorded. 10 kutānu- textiles and 4 black textiles I left in our guest-house. Thereof they will deposit 4 kutānu-textiles on Uṣur-ša-Aššurs account, but the silver will be transferred to our fathers account. The colony has given it to me."
auto_sent_0001508,<gap> URUDU <gap> GÍN 15 0.5 ŠE KÙ.BABBAR <gap>-ší 2 ma-na KÙ.BABBAR ṣa-ru-pá-am qá-tí ┐ù¹ qá-tí a-bi4-ni a-dí-ma ┐ù¹ 28.66666 ma-na 7.5 GÍN ┐KB¹ ša ILLAT-at Pu-šu-ki-in 30 ma-na TA ŠÍG.HI.A,"<gap> copper <gap> shekels 15.5 grains of silver <gap> I deposited 2 minas of refined silver on my account and on our fathers account, so that 28.66666 minas 7.5 shekels of silver is from Pūsu-kēns enterprise: at 30 minas wool."
auto_sent_0001550,um-ma A-šur-na-da-ma a-na A-šur-ta-ak- lá-ku ù Ši-ša-ah-šu-šar qí-bi-ma mì-šu ša um-ma a-tí-ma e-lá 20 na-ru-uq GIG ù 15 na-ru-uq še-im ša Ku-tù-bi4-iš i-dí-na-ni mì-ma ša-ni-um lá-šu a-li 40 ma-na ni-ga-lu 2.5 ma- na AN.NA ša a-na Ša-na-a Ì-lí-šar ù Hu-lu- ba,From Aššur-nādā to Aššur-taklāku and Šišahšušar: Why is it that you say: Apart from 20 sacks of wheat and 15 sacks of barley that Kutubiš gave me there is nothing else ! Where are the 40 minas of sickles the 2.5 minas of tin which Ili-išar and Huluba brought to Šana?
auto_sent_0001964,a-na I-dí-Ku-bi-im A-na-ah-i-lí ú Puzur2-A-šùr a-na A-na-ah-i- lí qí-bi-ma um-ma Ku-li-a-ma 1.33333 ma-na ù ší-ba-tí-šu KÙ.BABBAR. a-na A-bu-ša-lim DUMU En-na-Sú-in ha-bu-lá-tí-ma : na-áš-pé-er-tum ša A-šùr-DÙG i-li-kam-ma a-na 1 ma-na KÙ.BABBAR. a-wa-at-kà i-gi5-mi-ir : KÙ.BABBAR. šu-a-tí-i a-na-ku a-pu-ul a-ha-ma 0.33333 ma-na KÙ.BABBAR. ba-áb DINGIR a-na a-bi4-ni,"To Iddin-Kūbum, Anah-ilī, and Puzur-Aššur, especially to Anah-ilī, thus says Kuliya: You owe to Abu-šalim, son of Ennam-Suen, 1.33333 mina of silver plus its accumulated interest. A letter of Aššur-ṭab arrived here and for an amount of 1 mina of silver your affair has been settled. I myself have guaranteed that amount of silver. Moreover, you have assigned 0.33333 mina of silver to our father in the Gate of the god."
auto_sent_0001965,ta-dí-i : iš-té-ni-iš ša 1.33333 ma-na KÙ.BABBAR. ṭup-pá-kà al-pu-ut na-áš-pé-er-tám ša ku-nu-ki- a ša 1 ma-na KÙ.BABBAR. tù-kà-a-al ú ša-ni-tám ša 0.33333 ma-na KÙ.BABBAR. tù-kà-a-al táq-bi4-a-am um-ma a-ta-ma a-li-ik- ma ṭup-pá-am ša ku-nu-uk A-šùr-DÙG : li-qí-a-am ṭup-pá-am ša ku-nu-uk A-šùr-DÙG al-qé-a-ku : ša a-bu-šu ú šu- ut a-na ku-a-tí ú me-er-i-e-kà lá i-tù-ru-ni a-hi a-ta 1.33333 ma-na KÙ.BABBAR. ku-nu-uk-ma a-na Puzur²-A-šùr pí-qí-id-ma lu-ub- lam,"I drew up your tablet for a total of 1.33333 mina of silver; you have in your possession a letter with my seal for 1 mina of silver and a second for 0.33333 mina of silver. You told me as follows: Go and obtain for me a tablet sealed by Aššur-ṭāb, and I obtained for you a tablet sealed by Aššur-ṭāb, stating that neither his father nor he himself will come back on you and your sons. Please, my brother, put 1.33333 mina of silver under seal and entrust it to Puzur-Aššur to bring it here."
auto_sent_0001967,ú ší-ta na-áš-pé-ra-tí-a : ša ku-nu-ki-a : ša tù-kà-lu lu-šé-ru-nim-ma : li-mu-ta,"And then they should release to me the two letters of mine with my seal, which you have in possession, to cancel them."
auto_sent_0001968,a-hi a-ta : KÙ.BABBAR. iš-tù MU 2 ŠÈ ta-be-e-el : ú su-ha-re-e-a,"My dear brother, it is now two years that that you keep this silver at your disposal."
auto_sent_0001970,iš-ku-nu-nim a-hi a-ta KÙ.BABBAR. šé-bi4-lam ú 6 GÍN KÙ.BABBAR. ga-ma-ar-šu a-na Puzur²-A-šùr dí-in,"Please, my brother, send the silver and give the 6 shekels of silver, the expenses he incurred, to Puzur-Aššur."
auto_sent_0001973,ki-ma ku-a-tí i-<gap> a-bi4-kà a-r <gap> a-wa-tí-kà <gap> i-sé-r <gap> ma-num: <gap> li-dí-n <gap> ša ta-<gap> té-tap-ša-n <gap> n <gap> lá i-<gap> e tù-kà-<gap> iš-tù na-áš-pè-er-ta -ká¹ lá ta-lá-kà-ni,Like/Instead of you <gap> of your father <gap> your words <gap> on me <gap> Who could give me <gap> By what you <gap> you have treated me <gap> do not <gap> since no letter of yours arrives here.
auto_sent_0001974,mi-nam ša ta-áš-ta-na- pá-ra-ni¹ um-ma a-ta-ma šú-ba-tí ha-am-ša-at šé-bi4-li- im mi-nam ṣú-ha-ar-kà li-ku-ul: mí-nam a-ší-tí-kà lá-áš-qú-ul šu-ma a-na a-bi4-kà lá uš-té-ri-id um-ma šu-ut- ma ú-ha-lá-qú-nu GA ša-ni-a-tù i-pì-šu ša-ak¹-na me-er-a-at-kà iš-tí-a ta-al-ta-<gap> m wa-áš-ba-at <gap> ša É a-bi4-ni tim <gap> áb e ta-hi-ri- <gap> ta-áp-hi-ra-am a-dí-in-ma GUD aṭ-bu- ùh,"What is the purpose of constantly writing me as follows: Send me five textiles! What should your youngsters eat, what should I pay for your expenditures if I had not humbled myself for your father. He said: He is destroying you <gap> , he has evil intentions! Your daughter is / keeps <gap> with me she lives <gap> of our paternal house <gap> I have sold the savings and slaughtered the ox."
auto_sent_0002196,a-na A-šùr-i-dí qí-bi4- ma um-ma A-šùr-na-da-ma a-bi4 a-ta be-li a-ta-ma 1 ma-na KÙ.BABBAR ša Kur-ub- Ištar ub-lá-ku-ni ù mì-ma lu-qú-tim ša I-li-a-lúm ú-šé-bi4-lá-ku- ni i-na pá-ni-im-ma áb-kà-ma : lu-qú-tum a-na ba-ra-im li-ik-šú- da-ma i-na ha-ra-nim lá-am-hu-ur-ší:-ma a-na- kam li-šé-me-ma be-el qí-ip-tí-a : ba-áb ha-ra-ni-a ša qá-ta- tim lá e-ri-ší-ma,"To Aššur-idī from Aššur-nādā: My dear father and lord, quickly dispatch the 1 mina of silver which Kurub-Ištar brought you plus whatever goods Ilī-ālum sent to you, so that the goods reach me to be available, and let me receive it en route so it will be heard here and the owner of the goods entrusted to me will not demand a guarantor when I am about to leave, and I shall not be put to shame."
auto_sent_0002199,a-bu-um ki-i šu-mi-šú <gap> ma-num lu i-de8 da-am-qá-ni-ku-um a-ni KÙ.BABBAR : ma-ah-ri-kà na-dí-ma : a-na-ku a-na-kam TÚG.HI.A : a-na qá-tí-kà ù qá-tí-a KÙ.BABBAR ú-ša-qal-ma ke-na šu!-mì ki-tim áš-ta-na- kà <-na>-am ù da-tám ki-a-ma ú-ša-qal šu-ma ku-a-am lá <tù->šé-ba-lam5,"Who knows whether the father is good for his name? Things are fine for you, in fact, silver lies in front of you, while I here repeatedly have to pay silver for textiles on your account and my own, and, yes, I constantly establish a reputation for truthfulness; and in this way I am paying the fees."
auto_sent_0002200,KÙ.BABBAR ša qí-ip-tí-a ù na-ak-ra-am ša A-šùr-ta-ak-lá- ku ú-šé-bi4-lá-ku-ni lu-qú-tám za-ki-a-ma áb-kà-ma a-na-kam li-šé-me-ma ba-áb ha-ra-ni-a be-el qí-ip-tí-a lá i-kà-le-e-ma lá a-ha- li-iq,"If you do not send some of your own, then with respect to the silver entrusted to me plus the belonging to outsiders that Aššur-taklāku sent to you— clear the goods' and dispatch them so it will be heard here, and so that at my departure the owner of the goods entrusted to me will not hold me back and I shall not perish."
auto_sent_0002201,a-na A-lá-hi-im E-me-me ù Ši-ša-ah- šu-šar qí-bi-ma <um-ma A-šur-na-da-ma> 0.33333 ma-na 1 GÍN KÙ.BABBAR ku-nu-ki-a Puzur4-A-šur na-áś-a-ku-nu-tí,"To Alāḫum, Ememe and Šišahšušar : Puzur-Aššur is on his way to you with 0.33333 mina 1 shekel of silver under my seal."
auto_sent_0002202,e-ší : ù qá-nu-e tí-ša-a-ma ša GUD.HI. A ša-da-dim li-iš-du-du-nim ša a-ma-kam-ma ša ma-zi-re-e ma-lá-hi ù ha-ba- ša-tim ša-mì,"Buy fire-wood and reeds, and have the oxen haul as much of what is there as they can; Buy malahum and habašatum utensils for the maziru tin."
auto_sent_0002205,a-ni-um : a-na-kam i-ta-an-ki-iš,This one was set aside here.
auto_sent_0002206,šu-ma Ku-tù-bi4-iš : KÙ.BABBAR mì-ma e-ri-iš dí-na-šu-um,If Kutubiš asks for any silver then give him some.
auto_sent_0002207,a-na A-lá-hi-im E-me-me ù A-šùr-ta-ak-lá-ku qí-bi-ma um-ma A-šùr-na-<da->-ma iš-tù : 11 0.33333 ma-na 5 GÍN KÙ.BABBAR qá-tí 7.33333 ma-na qá-tí a-bi4-ni za-am-ru 18 ku-ta-ni 5 TÚG šu-ru-tum É kà-ri-im na-ad-a-ku-ma lá za-am-ru 10 ku-ta-ni ù 4 TÚG šu-ru-tim É wa-áb- ri-ni e-zi-ib ŠÀ.BA 4 ku-ta-ni i-qá-tí <gap> Ú-ṣú-ur-ša-A-šur i-na-dí- ú-ma KÙ.BABBAR a-qá-tim ša a-bi4-ni i-tá-hi kà-ru-um i-dí-na-šu,"To Alāḫum, Ememe and Aššur-taklāku from Aššur-nādā: After my account and our fathers account had been recorded at 11.33333 minas 5 shekels and 7.33333 minas respectively, I have been booked for 18 kutānu-textiles and 5 black textiles in the colony office, but these were not recorded. 10 kutānu- textiles and 4 black textiles I left in our guest-house. Thereof they will deposit 4 kutānu-textiles on Uṣur-ša-Aššurs account, but the silver will be transferred to our fathers account. The colony has given it to me."
auto_sent_0002208,i-dí : lá i-dí ù KÙ.BABBAR ma-lá qá-tí a-bi4-ni ù¹ qá-tí za-am-ru tí-ir-ta- ak-nu li-li-kam 2.5 ma-na KÙ.BABBAR qá-dum GUŠKIN <gap> hu Dan-A-šur <gap> um¹ 40 ma-na URUDU É wa-áb-ri-ni e-zi- ib,Send me word telling me whether or not he has deposited anything and how much silver has been recorded for our fathers account and mine. 2.5 minas of silver together with the gold <gap> Dān-Aššur <gap> 40 minas of copper I left in our guest-house.
auto_sent_0002209,<gap> URUDU <gap> GÍN 15 0.5 ŠE KÙ.BABBAR <gap>-ší 2 ma-na KÙ.BABBAR ṣa-ru-pá-am qá-tí ù¹ qá-tí a-bi4-ni a-dí-ma ù¹ 28.66666 ma-na 7.5 GÍN KB¹ ša ILLAT-at Pu-šu-ki-in 30 ma-na TA SÍG.HI.A,"<gap> copper <gap> shekels 15.5 grains of silver <gap> I deposited 2 minas of refined silver on my account and on our fathers account, so that 28.66666 minas 7.5 shekels of silver is from Pūšu-kēns enterprise: at 30 minas wool."
auto_sent_0002210,a-na 1 ma-na-im ša 3 TÚG.HI.A ša Ur-šu ša šé-pì-a ta¹-áš-pu-ra-am um-ma a-ta-ma KÙ.BABBAR a-ší-ib- tim i-lá-ak 2 TÚG a-bar- ni-ú ša¹ Šu-Šú-in ù i-a-tí šu-ma ub-lu-nim dí-na-ma mì-liš-lá zu-za,"As to the 1 mina for three textiles from Uršu transported by me, you have written, saying: The silver draws interest. If they have brought the 2 abarniu-textiles belonging to Šū-Suen and myself then sell them and divide in two."
auto_sent_0002212,i-mì-ma a-nim 2.5 ma-na KÙ.BABBAR ù¹ ṣí-ba-tí-šu ša A-zu ša-bi4-a 20+ <gap> ni-ga-li ù 2 ma-na <gap> 1 ma¹-na a-na ú-ṭí-tim { <gap> } ša-di-na,Have paid in full out of all this 2.5 minas of silver plus interest belonging to Azu. 20+ <gap> sickles plus 2 minas <gap> Have paid 1 mina for grain.
auto_sent_0002213,a-na A-lá-hi-im ù A-šùr-ta-ak-lá-ku qí-bi-ma um-ma A-šùr-na- da<š<-ma>> KÙ.BABBAR ù GUSKIN ma-lá iš-tù Dur4-hu-mì-it ú-šé-bu-lu-ku-nu-tí- ni a-na ša qí-ip-tí-a šu-uk-na-ma : šu-ma Ì-lí-a-lum : sù-ri ma-gir : a-ša-me-ma I-dí-Sú-en : pá-ni-ni,"To Alāḫum and Aššur-taklāku from Aššur-nādā: Whatever silver and gold they will send to you from Durhumit, add that to what on goods entrusted to me, and if Ili-ālum , then certainly it is agreed. I hear that Iddin-Suen wishes to meet us."
auto_sent_0002214,i-šé-e : a-ma-sú i-na Kà-ni-iš le-zi-ib-ma šu-a-tí : a-na A-limki tù-ru-šu-ma a-na ba-ra-im a-na Kà-ni-iš li-ik-šu- dam,"Let him leave his maid in Kaneš and send himself to the City, and let him reach me to be available in Kaneš."
auto_sent_0002215,šu-ma A-lá-hu-um lá-šu ša ki-ma šu-a-tí : a-šé-bu-tim šu-ku-ma KÙ.BABBAR ša ba-ri-ni a-na šu-mi ki-lá-li-ni eq-lam le-tí-iq,"If Alāḫum is not there, then let his representatives act as witnesses, and let our jointly owned silver pass overland in the name of us both."
auto_sent_0002217,ni-is-ha-sú ù ša-du-a-sú i-na KÙ.BABBAR-pi-a lu ì-ší-tim¹ TÚG.HI-tí-a i-dí-ma a-ba-ri-ni li-li-iṭ šú-ha-ri ša e-li-ú-ni-ni KI Ṣà-he-ri<-lí> a-bu-uk,"Deposit its import duty and its transport tariff from my silver or from the price of my textiles, and let the amount go for us both. Dispatch the servants who have arrived with Saher-ilī."
auto_sent_0002218,a-na A-lá-hi-im Šu-A-šùr Zu-ba ù Ì-lí-a-lim qí-bi-ma um-ma A-šùr-na-da-ma 3 ma-na KÙ.BABBAR ša Ša-lá-ah-šu-a ùh-ta-bi-lá-ma : Ha-lu-li me-eh-ra-tim i-dí-nam,"To Alāḫum, Šu-Aššur, Zuba and Ilī-ālum from Aššur-nādā: Haluli became indebted to me for 3 minas of silver from Šalahšua, but he has given me a corresponding amount."
auto_sent_0002219,i-na a-wa-tí-ni 6 ku-ta-ni ú-šé-ba-al-šu-ma a-wi-lu-um : i-a-tí i-za-za-am,"According to our agreement I shall send him 6 kutānu-textiles, and the man will then stand in my stead."
auto_sent_0002221,li-bi : lá ú-lá-ma-an,He must not make me angry.
auto_sent_0002222,šu-ma ší-ib-tám ša ša-tim a-ni-tim ta-da-nam la i-mu-a : TÚG.HI.A la ta-da-na-šu-um,"If he refuses to give the interest for this year, then do not give him any textiles."
auto_sent_0002225,šu-ma : i-na ba-áb-tí-a mì-ma lá ta-al-qé-a KÙ.BABBAR : a-hu- um lu-šé-bi-lam-ma ú-ul ší-ib-tám ki-ma a-hu-um a-na a-hi-im i-du-nu lá-dí-in ú-ul bé-ú-lá-tim lu ha-bu-lá-ku-šu-um šu-ma,"If you have not received anything yet from my outstanding claims, then let a colleague send me the silver; let me then either pay interest as one colleague pays to another, or let me become indebted to him with a working capital."
auto_sent_0002226,A-šur-ta-ak-TA.AK<-la>-ku wa-ša-áb 2 TÚG.HI.A ù TÚG.HI ša ba-<áb->tí-a lu-šé-bi-lam šu-ma lá-šu a-šar li-bu-šu : šu-up-ra-šu-um : tí-ib-nam ú e-ší ša KÙ.BABBAR 0.33333 ma-na e-li-iš ša-ma-nim,"If Aššur-taklāku is there, then have him send 2 textiles [plus the textiles] from my outstanding claims. If he is not there, then write to him where wishes. Buy me reeds and firewood for some 0.33333 mina of silver or more."
auto_sent_0002231,50 LÁ 1 TÚG šu-ru-tum 53 ma-na 1 GÍN AN.NA 1 ma-na KÙ.BABBAR ší-im 2 ANŠE ša a-bi4-ni al-qé-ma : i-na ší-im ANŠE.HI.A ša Ša-lim- be-lí ir-dí-a-ku-ni ba-lu-ṭá-ku-ma 10 GÍN KÙ.BABBAR ta-na-pá-lam5,"I have received 49 black textiles, 53 minas 1 shekel of tin, 1 mina of silver, the price of the 2 donkeys belonging to our father, and I have been credited with the price of the donkeys that Šalim-bēlī conducted to you, so pay me the balance: 10 shekels of silver."
auto_sent_0002232,3 ANŠE ṣa-lá-mu ša i-na šé-pì-kà ta-ar-de8-ú 1 GÚ AN.NA ku-nu-ku ša a-na A-lá-hi-im lá áp-tù 2 TÚG šu-ru-in ša a-ni-kà-sí té-zi-ba-ni : lá a-tí-di-i i-na i-a-ú-tim le-qé,"The 3 black donkeys that you personally conducted, 1 talent of tin under seal that was booked for Alāḫum, the 2 black textiles you left me for the account—that I have not deposited; take it out of my things!"
auto_sent_0002235,ší-im 3 ANŠE.HI.A DINGIR-na-da iš-qú-ul-ma : a-na a-bi4-ni,"Ili-nāda has paid the price of 3 donkeys, and I am bringing that to our father."
auto_sent_0002237,15 TÚG šu-ru-tum 12 ma-na 8 GÍN AN.NA 8 TÚG ša A-ki-dí-e 1 ANŠE ṣa-lá-mu-um ša Ì-lí-a-lim 8 TÚG tí-sà-pu 3.5 TÚG ša-pí-ú-tum SIG5 10 GÍN KÙ.BABBAR ša ta-LÁ-pá-lá- ni i-a-ú-tum : mì-ma a-nim na-aš-a-tí : a-pu-tum URUDU- šu 1 GÍN.TA ù 2 GÍN.TA ku-bu-us-ma KÙ.BABBAR 10 ma-na TA na-ší-ra-am,"15 black textiles, 12 minas 8 shekels of tin, 8 Akkadian textiles, 1 black donkey belonging to Ilī-ālum, 8 tišāpu textiles, 3.5 thick textiles of good quality, the 10 shekels of silver you will balance with me —all this, my property, you are bringing. Please, press him for one or two shekels per mina on his copper and set aside for me at least 10 minas of silver."
auto_sent_0002240,um-ma A-šùr-na-da<-ma> a-na Zu-ba <gap>-x¹ ù Ú-ṣú-ur-ša- A-šur qí-bi4-ma : a-na ni-kà-ší-a šu-ùh-ta,"From Aššur-nādā to Zuba, <gap> and Uṣur-ša-Aššur: Pay on my behalf at the time of the accounting."
auto_sent_0002242,5¹ TÚG ku-ta-nu i-na sà-e-tim ša En-be-li na-du,5 kutānu-textiles have been placed in Ennam-Belīs sautum.
auto_sent_0002243,ta-ah-ší-is-tám am-ra-ma : a-na šé- er ša ni-kà-ší-a,Check the memorandum and add them on top of those on my account.
auto_sent_0002244,tí-ih-a šu-ma KÙ.BABBAR Ì-lí-A-num mi-ma ú-šé-bi4-lam KÙ.BABBAR ù tup-pì-šu : šu-ba-al- ki-ta-ma šé-bi4-lá-nim,"If Ili-Anum has sent any silver, then do ship and send me the silver and his tablets."
auto_sent_0002245,ši-im 1 TÚG a-bar-ni-im KI DAM.GÀR <gap> 1 ITÚG¹ <gap> ma-<gap>,The proceeds from 1 abarniu-textile is owed by a merchant <gap> 1 textile <gap>
auto_sent_0002246,um-ma A-šùr-na-da-ma a-na Ì-lí-a-lim qí-bi-ma lá lí-bi : i-li-ma mi-qí-tum im-qú-ta-ma a-na Ur-šu iš-ta-áp-ru-ni,"From Aššur-nādā to Ilī-ālum: Against the will of the god misfortune has fallen upon me, as they have just written to me in Uršu."
auto_sent_0002247,a-hi a-ta : a-šar ša-li-um i-šé-er É a-bi4- ni lá i-ša-lu-ú e-pu-uš,"My dear brother, act in such a way that no evildoer may do harm to our fathers house!"
auto_sent_0002248,a-na ú-um e-ṭá-ri-im 9 GÚ 20 ma-na URUDU-i ša a-DAM.GÀR A-šùr-ta-ak-lá-ku i-qí-pu¹ 8 GÚ 40 LÁ 0.66666 ma-na e-zi¹-ib ša-du-e-tim ša¹ a-ta ta-áš-a-ma-ni ŠÀ¹.BA 5 GÚ URUDU a-na Bu-ru- uš-ha-dim tù-šé-bi4-il5-ma ší-im-šu al-qé 1 GÚ 18 ma-na URUDU SIG5 ša-bu-ru-um ší-im 3 ANŠE.HI.A ša DAM.GÀR ta-qí-pu ŠÀ.BA 10 ma-na ku-a-um 25 ma-na SIG5 ší-im¹ ANŠE i-li-bi4-a,"While I may still be saved— 9 talents 20 minas of my copper that Aššur-taklāku has given on commission to an agent, 8 talents 40 minas less 0.66666 mina apart from the transport tariff, which you have bought for me— out of which you sent 5 talents to Burushaddum, and whose proceeds I have already received— 1 talent 18 minas of good broken copper, proceeds from the sale of 3 donkeys, which you gave in commission to an agent, of that 10 minas belong to you, 25 minas of good , proceeds from the sale of a donkey, owed by me."
auto_sent_0002255,2 GÍN a-na qá-tí A-šùr-UTU-ši IGI Šu-Sú-in DUMU I-tur4-DINGIR : a-na 0.5 ma-na TA 1 TÚG ú-ra-ki-sú¹ IGI A-šùr-DÙG IGI A-šùr-dan,"2 shekels were for the share of Aššur-šamšī, witnessed by Šū-Suen the son of Itūr-ili. I bound him by contract to pay 0.5 mina per textile, witnessed by Aššur-tāb and Aššur-dān."
auto_sent_0002256,um-ma A-šùr-be-el-a-wa- tim Šu-A-šur ù A-šur-na- da-ma a-na I-dí-Sú-in Am-ri-a LUGAL-dEN.ZU A-šur-SIPA Puzur4-Sú-in ù Puzur4-A-na qí-bi-ma iš-tí A-šur-SIPA a-na-kam A-šur-be-el-ma-al-ki-im ni-kà-sí i-ší-ma 45 ma-na AN.NA ku-nu-ki ša dIM-ILLAT-at ù A-šur-ba-ni i-na ša-ni-tim šu-uq-lim ku-nu-ki ša A-limⁱ li-dí-a-ku-nu-tí-ma 34 ma-na 15 GÍN AN.NA šu-té-bi-lá-ma le-qé-a,"From Aššur-bēl-awātim, Šū-Aššur and Aššur-nādā to Iddin-Suen, Amria, Šar-Suen, Aššur-rēʾi, Puzur-Suen and Puzur-Anna: Aššur-bēl-malkim has here settled accounts with Aššur-rēʾi, and he must deposit for you 45 minas of tin sealed by Adad-ellat and Aššur-bāni from the second package that bears the seal of the City; then you must have brought 34 minas 15 shekels of tin and take it."
auto_sent_0002257,15 ma-na : 15 GÍN AN.NA a-ha-ma za-ku-a-am li-dí-na-ku-nu-tí,"Furthermore, he shall give you 15 minas 15 shekels of tin, cleared."
auto_sent_0002258,ŠUNIGIN 1 GÚ 34 ma-na AN.NA ù 2 TÚG šu-ra-an A-šur-SIPA li-dí-na-ku-nu-tí- ma ba-tí-iq ù DIRI dí-na-ma KÙ.BABBAR ku-nuⁱᶜ-kà-ma a-na a-li-ki-im pá-ni-e-ma pi-iq-da-ma lu-ub-lam,"In all: Aššur-rēʾi shall give you 1 talent 34 minas of tin and, 2 black textiles and you should sell that at whatever price, seal the silver, entrust it to the very first traveler who can bring it."
auto_sent_0002261,a-na A-limⁱ lu ni-it-ru-sú šu-ma a-na be-a-lim lá té-ri-šum bu-lá-tí-šu lá-šu¹,"If you do not ask for anything for him to dispose over, there will be no working-capital for him."
auto_sent_0002262,a-na A-ba-a-a qí-bi-ma um-ma A-šùr-na-da-ma a-ma-lá : na-aš-pé-er-tim ša áš-pu-ra-ki-ni : a-na-kam I-na-a a-šùr-mì-ki : ù a-na šu-mì : É a-bi-ni : tám-kà-re e-ta-wu a-šu-mì,To Abaya from Aššur-nādā: In accordance with the message I sent to you Innaya has here discussed with the tamkāru on behalf of you and of your paternal house.
auto_sent_0002263,Ku-ra : Ìl-i-bu-šu im-ta-ra-as um-ma šu-ut-ma : šu-ma : lá i-pí-ša ša-hu-uz : šu-nu i-na A-limⁱ : a-li-ki ul-ta-na-mu : ù a-ni-um a-ma-kam : KÙ.BABBAR ú-ṣa-ba-at-ma pu-ru-i iš-ta-na-kán <gap>,"He became unhappy because of Kura, and said: If he is not given instructions directly from her, these people will put continuous pressure on the travelers in the City, and then this one will seize lots of silver there and constantly cause my reputation harm."
auto_sent_0002264,<gap> +3 guš-šu-re e-ṣí <gap> ša É be-tí-ku-nu lá-ma a-na Kà-ni-iš : a-li-kà-ni Ku-ra : a-ši-mi-im i-dí-in,"As for the <gap> +3 wooden beams of your house, Kura had sold them before I arrived at Kanesh."
auto_sent_0002266,a-na Šu-Ku-bi-im ù A-šùr-pí-lá-ah <gap> a-na Šu-Ku-bi-im qí-bi-ma um-ma A-šùr-na-da-ma KÙ.BABBAR ša a-na tap-hi-ri-im ša Šar-ma-té-en a-bu-ni i-hi-ib-lu¹ a-na-kam iṣ-bu-tù-ni-ma um-ma šu-nu-ma KÙ.BABBAR hu-bu-ul a-bi-kà šu-qúl um-ma a-na-ku-ma KÙ.BABBAR tal-ta-qé-a-ma KÙ.BABBAR e-ṣú-ma a-hu-ur ta-ah-ší-sà-tum ša a-bi-a i-ba-ší-a um-ma šu-nu¹-ma ta-ah-ší-sà-tim ša a-bi-kà šé-ṣi-a-ma lu né-mu-ur iš-tí-in ša ki-ma ku-a-tí ù iš-tí-a a-hi-a-am iš-tí-a e-ru-bu-ma ṭup-pí ni-ip-té-ma ta-ah-ší-sà-tim nu-šé-li-ma ú-kà-li-im-ší-na ú-sà-li-šu-nu-tí <gap> -im ni-qé-e <gap> ú ša <gap> ta-ah-ší-sà-tim nu-šé-li-ma me-eh-ri ša {ṭup¹}-pé ša ba-áb DINGIR-lim ša tup-pí-im : ni-a-im <gap> { <gap> } i-na me-eh-ri-im ša tup-pí-im ha-ar-mì-im ša ba-áb DINGIR-lim ša e-li-a-ni ša <gap> ma-na 5 GÍN KÙ.BABBAR ša hu-bu-ul A-lá-hi-im A-mur-Ištar a-na A-šùr-SIPA,"To Šū-Kūbum and Aššur-pilah; to Šū-Kūbum from Aššur-nādā: with regard to the silver with which our father has become indebted to the fund of divine Šar-mātēn, they seized me here and said: Pay the silver, your fathers debt. I answered: You have received silver repeatedly, so little silver is left . There are memoranda of my fathers available. They said: Produce your fathers memoranda and let us see. One person representing you and one stranger entered together with me and we opened for the tablets and took out the memoranda and I showed them; I pleaded with them <gap> sacrifices <gap> and <gap> we took out the memoranda and copies of the tablets from the Gate of the God— concerning our own tablet <gap> in the copy of the certified tablet of the Gate of the God which may appear, concerning <gap> mina 5 shekels of silver from Alāhums debt— Amur-Ištar paid to Aššur-rēʾi."
auto_sent_0002267,iš-qúl um-ma A-šùr-SIPA-ma a-na A-mur-Ištar-ma 1 ma-na-kà ma-ṭí-i 1 ma-na-ú-šu ik-ta-ma 1.5 GÍN KÙ.BABBAR i-dí-šu-um IGI Li-ba-a DUMU Ú-zu-a IGI En-na-nim sà-bi-e-em Na-áb-Sú-in DUMU AB-ba-ni tap-pá-i-ni a-na a-wa-tim a-ni-a-tim¹ kà-ru-um Kà-ni-iš i-dí-ni-a-tí-ma,"Aššur-rēʾi said as follows to Amur-Ištar: Your one-mina weight is too light. His one-mina weight was checked and he then paid him 1.5 shekel of silver. Witnessed by Libbaya son of Uzua, by Ennāmum, the inn-keeper; Nab-Suen son of Illil-bāni was our co-witness. The Kanesh colony appointed us for these proceedings <gap>"
auto_sent_0002268,a-na I-ku-pí-a En-nam-A-šur ù Šu-mi-a-bi4-a qí-bi4-ma um-ma A-šur-na-da-ma a-na En-nam-A-šur ù Šu-mi-a-bi4-a : qí-bi4- ma 16 mu-ta-tim : ša 1 GÚ.TA 7 e-li-a-tum : ša 30 ma-na e-zi-ib : ša Puzur4-Ištar ù 6 ANŠE ṣa-lá-mì : áp-qí-da-ku nu-tí,"To Ikuppia, Ennam-Aššur and Šumi-abiya from Aššur-nādā; to Ennam-Aššur and Šumi-abiya: I entrusted to you 16 half-packs of each 1 talent 7 top-packs of 30 minas, apart from those belonging to Puzur-Ištar, plus 6 black donkeys."
auto_sent_0002269,ŠÀ.BA 1 GÚ 25 ma-na URUDU ša iš-tí Ú-šú-ur-ša-A-šur al-qé-ú : a-na I-ku-pí-a,"Thereof I sent with you 1 talent 25 · minas of copper, that I received from Uṣur-ša-Aššur, to Ikuppia."
auto_sent_0002270,ú-šé-bi-ils-ku-nu 1 GÚ 12 ma-na URUDU ša En-um-A-šur 1 GÚ 20 ma-na ša a-šu-mi : Puzur4-Ištar : a-pu-lu-kà ši-tí URUDU 15.5 GÚ 3 ma-na,1 talent 12 minas of copper belonging to Ennam-Aššur; 1 talent 20 minas which I balanced with you on behalf of Puzur-Ištar— the rest of the copper: 15.5 talents 3 minas.
auto_sent_0002271,ŠÀ.BA 5.5 GÚ 3 ma-na URUDU ša DAM.GÀR : ší-mu-um i-ba-lá-kà-ta-ma 15 0.5 GÚ DAM.GÀR : i-ša-qá-lam,Thereof 5.5 talents 3 minas of copper belong to the tamkārum. When the sale has been carried out the tamkārum will pay me 15.5 talents.
auto_sent_0002272,rù ga-me-er : a wa-tí-a En-um-A-šur-ma : URUDU e ta-aṣ-ba-at-ma ba-lu-um mì-ma 15.5 GÚ URUDU ša tup-pu-šu ha-ar-ma-am ú-kà-lu : DAM.GÀR : e it-ba-al-ma e tù-ri-i-qá-ni : ši-tí URUDU 10 GÚ ku-na-na-ma-i-um ù 6 ANŠE um-ma a-na-ku-ma : al-kam : lu-ša-qí-ils-kà-ma at-kál : tù-ni-a-ni-ma : um-ma a-ta-ma i-na 10 GÚ URUDU ù 6 ANŠE qá-tí lá-áš-ku-un-ma : i-na Dur4-hu-mi-it a-na URUDU SIG5 : lu-ta-er-ma : a-na Kà-né-eš lu-bi-ilṣ-ma : ša ki-ma : ku-a-tí KÙ.BABBAR-pí lu-ša-bi-ú-ni : URUDU ù ANŠE.HI.A ú-lá ú-ša-qí-ils-kà : mì-šu ša um-ma a-ta-ma : ša-qú-lá-ku ANŠE.HI.A : ša I-ku-pí-a ANŠE.HI.A wa-šé-er-šu-um : a-ši-tí : KÙ.BABBAR-pí-kà a-na-ku : a-za-za-kum : A-šur,"And the one who resolved my dispute was Ennam-Aššur, so do not seize any copper, and without any the tamkārum must not appropriate the 15.5 talents of copper for which I hold a certified tablet, lest you let it get out of my reach. As for the rest of the copper, 10 talents from Kunanamit plus the 6 donkeys, I said: Come, I shall pay you—so I trusted you, but you cheated me, saying: I shall lay claim to the 10 talents of copper and the 6 donkeys, turn that into copper of good quality in Durhumit, bring it to Kaneš and your representatives will pay me in full in silver. I did not pay out the copper and the donkeys to you. Why did you then say: I have been paid. The donkeys belong to Ikuppia! Release the donkeys to him! For the rest of your silver I shall personally guarantee for you."
auto_sent_0002273,ù MAR.TU : i-li : a-bi-ni lu i-de8-a : a-šé-er : na-ru-qá-kà ú-ša-zi-za-ku-ni : a-hi-um pu-ru-i ú-lá iš-ku-un,"may Aššur and Amurrum, the gods of our fathers, know: on top of the fact that I guaranteed for your joint-stock capital, it was no stranger who denounced me!"
auto_sent_0002274,a-ta : i-na kà-ar,It is you who keep denouncing me in
auto_sent_0002275,a-na A-šur-na-da qí-bi4- ma um-ma Ša-ra-at- Ištar-ma <gap> TJÚG Zu-ba : na-áš-a-kum,To Aššur-nādā from Šarrat-Ištar: Zuba brings <gap> textiles to you.
auto_sent_0002276,1 iš-ra-am : ku-a-tí 1 iš-ra-am a-na x x -a-ri { <gap> } a¹ 4 ša-ku-kà-tim iš-té-na dí-in,"1 belt for you, 1 belt for <gap> Sell the 4 šakkuku-belts one by one."
auto_sent_0002278,2 TJÚG 37 ma-na URUDU it-bu-lu i-na x,2 textiles cost 37 minas of copper.
auto_sent_0002279,TJÚG áš-a-am-šu-nu,I bought them from <gap> the textiles.
auto_sent_0002280,1 TJÚG a-na KÙ.BABBAR <gap> { <gap> } a-<dí->in ma-lá im-tal-<gap> Kur-ub-Ištar ba na bi <gap> iš-tí-kà ša-ki-in,I sold 1 textile for silver <gap> As much as <gap> Kurub-Ištar <gap> is deposited with you.
auto_sent_0002281,mì-ma : lá aq-bi-šù-um,I have said nothing to him.
auto_sent_0002282,a-we-lam5 : ar-tí-pì,I have <gap> the man.
auto_sent_0002284,mì-ma a-nim : Zu-ba na-áš-a-ku-um,All this Zuba brings to you.
auto_sent_0002285,0.5 ma-na 5 GÍN KÙ.BABBAR En-nam-A-šur ub-lam¹,0.5 mina 5 shekels of silver Ennam-Aššur brought me.
auto_sent_0002289,um-ma A-šùr-na-da-ma a-na A-gu-za Ú-ṣú-ur-ša-A-šur ù Šì-ša-ah-šu-sar qí-bi-ma 10+7 GÍN KÙ.BABBAR ša-ru-pá-am iš-tù 8 MU.ŠÈ Ku-zi-zi-a,"From Aššur-nādā to Aguza, Uṣur-ša-Aššur and Šišahšušar: 17 shekels of refined silver Kuziziya borrowed from me 8 years ago."
auto_sent_0002290,ha-bu-lam i-nu-mì wa-áš-ba-ku-ni aš-ba-sú-ma um-ma šu-ut-ma ú-nu-tí : a-dí-ni lá e-ru-ba-am a-hu-a : a-tù-nu ṣa-áb-ta-šu-ma KÙ.BABBAR ù ṣí-ba-sú ma-lá wa-as-mu ša-aš-qí-lá-šu,"When I stayed there I seized him, but he said: My merchandise has not arrived yet. My dear brothers, seize him and make him pay the silver and as much interest as is fitting."
auto_sent_0002293,dí-na-šu nu-hi-in ša-ma-ma ANŠE Ì.GIŠ ma-li-a-ma šé-bi-lá-nim ù ma-lá ki-lá-li-ma šé-bi-lá-nim,"Buy two leather pouches, load a donkey with oil, and send it to me. Do send as much as both can contain."
auto_sent_0002295,mì-šu ša am-tum ta-li-ku-ma ú-qá- li-lu-šu,"How come that when the maid went, he insulted her?"
auto_sent_0002296,né-ma-al KÙ.BABBAR-pì-a ša iš-tù 10 ša-na- tim i-be-e-lu KÙ.BABBAR ša-aš-qí-il-šú-ma a-na a-am-tim,"The profit accrued on my silver, over which he has disposed for 10 years, make him pay that silver, and give it to the maid."
auto_sent_0002297,dí-in šu-ma mì-ma i-qá-bi4 šu-ga-ri- a-am ša A-šur li-it-ma-ma ú li-it-ba-al- šú,"If he protests in any way, then let him swear by divine Aššurs šugariʾāʾum and only after that can he take it away."
auto_sent_0002298,a-pu-tum lá ta-ga- mi-il-šú,"Please, do not show him any favour."
auto_sent_0002299,ú-rul¹ KÙ.BABBAR li-iš-qú-ul ú-ul ta-mì-šu,Either he pays the silver or you make him take an oath!
auto_sent_0002300,15 GÍN KÙ.BABBAR iš-tí Ha-ar-ta-al,15 shekels of silver is owed by Hartal.
auto_sent_0002302,KÙ.BABBAR ša-aš-qí-il-šú- ma <gap> ¹ ma-na 6 GÍN KÙ.BABBAR ša Du-du 0.5 ma-na KI. Ša-ra-pu-nu-a ša-aš-qí-lá- ma a-na a-am-tim dí-in,"Make him pay the silver and have paid <gap> mina 6 shekels of silver belonging to Dudu 0.5 mina owed by Šarapunuwa, and give it to the maid ."
auto_sent_0002303,a-na A-šùr-na-da qí-bi-ma um-ma Ša-ša-ah-šu-šar-ma ki-ma a-ta : tù-šú-ni 0.66666 ma-na 5 GÍN KÙ.BABBAR im-hu-ru-ma a-na Ú-šú-ur-ša-A-šùr DUMU A-šùr-ma-lik i-dí-nu,To Aššur-nādā from Šašaḫšušar: Since you had left they have received 0.66666 mina 5 shekels of silver and given that to Uṣur-ša-Aššur son of Aššur-malik.
auto_sent_0002305,12 GÍN KÙ.BABBAR KI Ša-ra-pu-nu-wa im-hu-ru-ma i-a-tí : i-dí-nu-ni-šú,They received 12 shekels of silver from Šarapunūwa and gave that to me.
auto_sent_0002307,3 na-ru-uq GIG É Kà-ú-ba-a ub-lu-nim,The house of Kaʾuba brought 3 sacks of wheat.
auto_sent_0002309,ki-ma a-ta tù-šú-ni A-šùr-bé-el-a-wa-tim i-li-kam-ma maš-ke-e i-zu-a-aš zi-ta-kà-a i-ib-ši-ma ù a-ni-i i-ta-áb-lu-šu-nu 15 GÍN KÙ.BABBAR ša Ta-ar-hu-nu ší-tí : KÙ ha-bu-lu-ú ŠÀ 8.25 GÍN KÙ.BABBAR i-dí-nu-nim,"Since you have left Aššur-bēl-awātim came here and divided up the hides; your share used to be here, but now they have removed them. 15 shekels of silver from Tarhunu, they owe the rest of the silver; thereof they have given me 8.25 shekels of silver."
